steps,rollout,mean_return,mean_episode_length,policy_loss,value_loss,entropy,sr_loss,grad_norm
256,1,0.0,0.0,0.038493,0.056667,1.098612,0.026607,0.076743
512,2,0.0,0.0,-0.15346,0.021521,1.09861,0.031271,0.309853
768,3,0.0,0.0,-0.137412,0.018083,1.098604,0.031874,0.278498
1024,4,0.0,0.0,-0.081328,0.006379,1.098597,0.026939,0.157235
1280,5,0.0,0.0,0.086571,0.060785,1.098588,0.025729,0.183848
1536,6,0.0,0.0,0.072211,0.054242,1.098579,0.026407,0.130211
1792,7,0.0,0.0,-0.029629,0.001231,1.098563,0.030301,0.059009
2048,8,0.0,0.0,0.132979,0.066796,1.09855,0.028756,0.275199
2304,9,0.0,0.0,-0.012866,0.000341,1.098532,0.028477,0.025401
2560,10,0.0,0.0,-0.01717,0.00043,1.098526,0.025496,0.033227
2816,11,0.0,0.0,-0.016865,0.000469,1.098507,0.027502,0.032527
3072,12,0.0,0.0,-0.013071,0.000419,1.098477,0.029956,0.026161
3328,13,0.0,0.0,-0.010798,0.000331,1.098459,0.028759,0.021087
3584,14,0.0,0.0,-0.003184,0.000158,1.098442,0.028534,0.00697
3840,15,0.0,0.0,0.14212,0.064618,1.09845,0.026266,0.262184
4096,16,0.0,0.0,0.135743,0.063423,1.09841,0.029905,0.263215
4352,17,0.0,0.0,-0.011803,0.000298,1.098403,0.027497,0.022479
4608,18,0.0,0.0,0.109444,0.05614,1.098368,0.030596,0.219842
4864,19,0.0,0.0,0.104623,0.056708,1.098383,0.025857,0.205531
5120,20,0.0,0.0,0.073289,0.053954,1.098404,0.025049,0.133341
5376,21,0.0,0.0,0.076947,0.049958,1.098372,0.027973,0.149156
5632,22,0.0,0.0,-0.07983,0.005923,1.098354,0.030568,0.158646
5888,23,0.0,0.0,-0.095426,0.008146,1.098352,0.028494,0.189682
6144,24,0.0,0.0,-0.10733,0.010871,1.098352,0.029014,0.20614
6400,25,0.0,0.0,-0.108897,0.010467,1.098344,0.029831,0.213001
6656,26,0.0,0.0,-0.10197,0.009645,1.098353,0.026453,0.197078
6912,27,0.0,0.0,-0.09005,0.007333,1.09834,0.030819,0.175003
7168,28,0.0,0.0,0.043323,0.051721,1.098356,0.025807,0.078952
7424,29,0.0,0.0,-0.069447,0.004747,1.098342,0.028258,0.131866
7680,30,0.0,0.0,0.074713,0.049333,1.098316,0.028307,0.142377
7936,31,0.0,0.0,-0.052023,0.002728,1.098329,0.027597,0.100718
8192,32,0.0,0.0,-0.041695,0.001744,1.09832,0.027519,0.079572
8448,33,0.0,0.0,-0.040777,0.00194,1.098308,0.0281,0.07753
8704,34,0.0,0.0,-0.056228,0.003178,1.098315,0.027101,0.108261
8960,35,0.0,0.0,-0.005473,0.000295,1.098305,0.029153,0.012346
9216,36,0.0,0.0,-0.018963,0.001273,1.098318,0.027997,0.038846
9472,37,0.0,0.0,0.129496,0.054855,1.098304,0.027625,0.237719
9728,38,0.0,0.0,0.217224,0.127001,1.098312,0.02766,0.408467
9984,39,0.0,0.0,0.099889,0.06293,1.098312,0.029133,0.19436
10240,40,16.0,10000.0,0.00763,0.000419,1.098366,0.026674,0.016444
10496,41,16.0,10000.0,0.13363,0.05857,1.098383,0.026035,0.241372
10752,42,16.0,10000.0,0.118982,0.060756,1.098371,0.030817,0.230636
11008,43,16.0,10000.0,-0.031848,0.001113,1.098371,0.027616,0.061263
11264,44,16.0,10000.0,-0.045499,0.002354,1.098381,0.027277,0.087626
11520,45,16.0,10000.0,-0.058461,0.003295,1.098426,0.022136,0.105627
11776,46,16.0,10000.0,-0.0515,0.002444,1.098403,0.028376,0.097819
12032,47,16.0,10000.0,-0.072419,0.004852,1.0984,0.025695,0.137165
12288,48,16.0,10000.0,-0.08064,0.006139,1.0984,0.024724,0.15126
12544,49,16.0,10000.0,-0.074686,0.005416,1.09842,0.026936,0.140305
12800,50,16.0,10000.0,-0.066539,0.00422,1.098423,0.026801,0.125524
13056,51,16.0,10000.0,0.060872,0.04838,1.098421,0.027118,0.11663
13312,52,16.0,10000.0,0.040939,0.040174,1.098423,0.028674,0.090155
13568,53,16.0,10000.0,-0.021113,0.000612,1.098454,0.029143,0.040332
13824,54,16.0,10000.0,-0.039296,0.002312,1.098454,0.026775,0.072625
14080,55,16.0,10000.0,-0.03077,0.001157,1.098476,0.023394,0.056364
14336,56,16.0,10000.0,-0.023645,0.000726,1.098482,0.023778,0.043507
14592,57,16.0,10000.0,-0.015547,0.000758,1.098493,0.026265,0.029963
14848,58,16.0,10000.0,0.117237,0.06075,1.098491,0.026976,0.211724
15104,59,16.0,10000.0,-0.05373,0.004635,1.098507,0.027926,0.105372
15360,60,16.0,10000.0,0.140734,0.060473,1.098494,0.027007,0.271577
15616,61,16.0,10000.0,0.257812,0.110509,1.098511,0.027922,0.483285
15872,62,16.0,10000.0,-0.018348,0.000672,1.098515,0.027229,0.035733
16128,63,16.0,10000.0,0.105771,0.054276,1.098534,0.02417,0.188855
16384,64,16.0,10000.0,-0.04979,0.003587,1.098533,0.02652,0.094814
16640,65,16.0,10000.0,-0.071458,0.005023,1.098537,0.02605,0.13275
16896,66,16.0,10000.0,-0.056528,0.003229,1.098539,0.02485,0.10624
17152,67,16.0,10000.0,-0.068349,0.004196,1.098544,0.022404,0.124742
17408,68,16.0,10000.0,-0.084668,0.008148,1.098549,0.025092,0.158181
17664,69,16.0,10000.0,-0.063445,0.004356,1.098543,0.027976,0.120685
17920,70,16.0,10000.0,-0.053285,0.002589,1.098548,0.025868,0.100186
18176,71,16.0,10000.0,-0.059004,0.003414,1.098549,0.025877,0.112712
18432,72,16.0,10000.0,-0.035144,0.001236,1.098547,0.026282,0.068235
18688,73,16.0,10000.0,0.110282,0.054037,1.098546,0.025992,0.211457
18944,74,16.0,10000.0,-0.0407,0.001926,1.09855,0.024579,0.076426
19200,75,16.0,10000.0,-0.037923,0.001652,1.09855,0.025547,0.073144
19456,76,16.0,10000.0,-0.020048,0.000594,1.098555,0.02402,0.038248
19712,77,16.0,10000.0,0.088353,0.045681,1.098563,0.024316,0.163075
19968,78,16.0,10000.0,-0.007587,0.000345,1.09856,0.025552,0.016984
20224,79,13.5,10000.0,0.007727,0.000217,1.098558,0.02548,0.017957
20480,80,13.5,10000.0,0.189399,0.100818,1.09857,0.023244,0.341737
20736,81,13.5,10000.0,-0.023633,0.00098,1.098559,0.023809,0.046061
20992,82,13.5,10000.0,0.032756,0.039184,1.098556,0.025338,0.063133
21248,83,13.5,10000.0,-0.019292,0.000993,1.09855,0.025551,0.038085
21504,84,13.5,10000.0,-0.019906,0.000641,1.098547,0.025374,0.040658
21760,85,13.5,10000.0,0.082486,0.054359,1.098544,0.024039,0.145612
22016,86,13.5,10000.0,-0.039715,0.032319,1.098548,0.02601,0.093172
22272,87,13.5,10000.0,-0.099758,0.010646,1.098546,0.026461,0.198377
22528,88,13.5,10000.0,-0.041287,0.002406,1.098541,0.024824,0.08054
22784,89,13.5,10000.0,-0.076997,0.005624,1.098549,0.02386,0.14882
23040,90,13.5,10000.0,-0.08273,0.006365,1.098555,0.023993,0.163335
23296,91,13.5,10000.0,0.213984,0.0988,1.098562,0.025262,0.400791
23552,92,13.5,10000.0,-0.058733,0.003684,1.098555,0.024034,0.116265
23808,93,13.5,10000.0,-0.020571,0.001193,1.098564,0.024302,0.042444
24064,94,13.5,10000.0,-0.00412,0.000119,1.098566,0.024133,0.016343
24320,95,13.5,10000.0,-0.010552,0.000589,1.098569,0.026202,0.026109
24576,96,13.5,10000.0,-0.000658,0.00024,1.098572,0.022253,0.013743
24832,97,13.5,10000.0,0.005663,0.000236,1.098577,0.025084,0.01958
25088,98,13.5,10000.0,-0.019576,0.000864,1.098582,0.024355,0.041896
25344,99,13.5,10000.0,-0.010885,0.000696,1.098588,0.024334,0.027338
25600,100,13.5,10000.0,-0.006599,0.000849,1.098582,0.024034,0.02186
25856,101,13.5,10000.0,0.004457,0.000382,1.098587,0.024958,0.019921
26112,102,13.5,10000.0,0.012082,0.000775,1.098589,0.022288,0.029177
26368,103,13.5,10000.0,0.028894,0.026755,1.098591,0.020621,0.05384
26624,104,13.5,10000.0,0.00118,0.000656,1.098595,0.024278,0.019134
26880,105,13.5,10000.0,0.009883,0.000306,1.098597,0.023625,0.028352
27136,106,13.5,10000.0,-0.042701,0.00186,1.098586,0.025891,0.093489
27392,107,13.5,10000.0,-0.024604,0.001302,1.098592,0.022852,0.052868
27648,108,13.5,10000.0,0.015312,0.000486,1.098603,0.025146,0.039847
27904,109,13.5,10000.0,0.083216,0.051783,1.098595,0.022908,0.180573
28160,110,13.5,10000.0,-0.000644,0.000436,1.098595,0.023823,0.023163
28416,111,13.5,10000.0,0.010483,0.000264,1.098595,0.024089,0.031448
28672,112,13.5,10000.0,0.100299,0.061458,1.098579,0.023186,0.214506
28928,113,13.5,10000.0,0.09803,0.056243,1.098559,0.0234,0.214831
29184,114,13.5,10000.0,-0.045143,0.001991,1.098563,0.022894,0.104822
29440,115,13.5,10000.0,0.085529,0.05042,1.098555,0.021332,0.177288
29696,116,13.5,10000.0,-0.078621,0.005962,1.098524,0.023263,0.181549
29952,117,13.5,10000.0,-0.098101,0.008398,1.098512,0.021601,0.23588
30208,118,13.0,10000.0,0.059962,0.047245,1.09845,0.027141,0.15186
30464,119,13.0,10000.0,-0.086576,0.006691,1.098393,0.022458,0.21738
30720,120,13.0,10000.0,-0.093347,0.007903,1.098315,0.022271,0.226985
30976,121,13.0,10000.0,0.055159,0.045647,1.098285,0.019701,0.12136
31232,122,13.0,10000.0,0.200392,0.100762,1.098186,0.020108,0.497757
31488,123,13.0,10000.0,-0.083206,0.006936,1.098095,0.020163,0.207586
31744,124,13.0,10000.0,0.037842,0.04635,1.097898,0.021373,0.116089
32000,125,13.0,10000.0,-0.099692,0.009091,1.097755,0.021788,0.273059
32256,126,13.0,10000.0,-0.098709,0.008675,1.097635,0.01895,0.271673
32512,127,13.0,10000.0,-0.094839,0.00833,1.09727,0.02131,0.285888
32768,128,13.0,10000.0,0.06516,0.050299,1.097093,0.01973,0.181428
33024,129,13.0,10000.0,-0.041303,0.002093,1.096873,0.020634,0.135715
33280,130,13.0,10000.0,-0.031456,0.001161,1.0966,0.020553,0.114644
33536,131,13.0,10000.0,0.013587,0.000503,1.096294,0.020412,0.064249
33792,132,13.0,10000.0,0.021106,0.000877,1.096208,0.018405,0.084407
34048,133,13.0,10000.0,0.018264,0.000978,1.095949,0.01718,0.077188
34304,134,13.0,10000.0,0.048798,0.002397,1.095256,0.018932,0.187641
34560,135,13.0,10000.0,0.03635,0.00152,1.09459,0.018009,0.152005
34816,136,13.0,10000.0,0.025752,0.001442,1.094767,0.015311,0.110141
35072,137,13.0,10000.0,0.022413,0.001262,1.094056,0.016905,0.108314
35328,138,13.0,10000.0,0.004401,0.000275,1.093914,0.014595,0.044538
35584,139,13.0,10000.0,-0.021256,0.001592,1.093346,0.017532,0.102476
35840,140,13.0,10000.0,-0.025909,0.001238,1.092806,0.016358,0.136482
36096,141,13.0,10000.0,-0.013015,0.000531,1.092609,0.015039,0.079162
36352,142,13.0,10000.0,0.250357,0.126551,1.092541,0.015525,1.307636
36608,143,13.0,10000.0,-0.055141,0.003222,1.091738,0.015079,0.300235
36864,144,13.0,10000.0,-0.052079,0.002561,1.090982,0.016744,0.297151
37120,145,13.0,10000.0,0.047385,0.044777,1.090788,0.014344,0.25363
37376,146,13.0,10000.0,0.086786,0.05059,1.090759,0.014026,0.496338
37632,147,13.0,10000.0,0.042941,0.043779,1.091414,0.014472,0.253781
37888,148,13.0,10000.0,-0.007284,0.039738,1.092125,0.014467,0.076508
38144,149,13.0,10000.0,-0.190007,0.032,1.092808,0.014862,1.207351
38400,150,13.0,10000.0,-0.205061,0.03764,1.09404,0.013287,1.303555
38656,151,13.0,10000.0,-0.181937,0.029704,1.094212,0.01315,1.181439
38912,152,13.0,10000.0,-0.103137,0.010083,1.094514,0.013092,0.689303
39168,153,13.0,10000.0,-0.010911,0.000299,1.095486,0.013413,0.076062
39424,154,13.0,10000.0,0.076376,0.005702,1.096385,0.014621,0.518544
39680,155,13.0,10000.0,0.230062,0.100107,1.096769,0.013535,1.538538
39936,156,13.0,10000.0,0.120844,0.013079,1.097103,0.013322,0.820927
40192,157,13.0,10000.0,0.102031,0.009356,1.097409,0.06946,0.7017
40448,158,13.0,10000.0,0.156196,0.066553,1.097324,0.012729,1.051505
40704,159,13.0,10000.0,-0.044087,0.002339,1.097095,0.01211,0.29917
40960,160,13.0,10000.0,-0.07273,0.004759,1.096624,0.013088,0.502434
41216,161,13.0,10000.0,0.041001,0.042027,1.09598,0.014007,0.27538
41472,162,13.0,10000.0,-0.11782,0.012069,1.095271,0.011732,0.820658
41728,163,13.0,10000.0,-0.036308,0.044766,1.094554,0.012182,0.263754
41984,164,13.0,10000.0,-0.118206,0.013348,1.093813,0.010962,0.821044
42240,165,13.0,10000.0,0.068116,0.048511,1.092874,0.0119,0.479476
42496,166,13.0,10000.0,-0.051926,0.002778,1.09204,0.012014,0.361614
42752,167,13.0,10000.0,-0.053881,0.00303,1.090701,0.010211,0.376595
43008,168,13.0,10000.0,-0.001579,0.000492,1.089183,0.010738,0.016768
43264,169,13.0,10000.0,0.053128,0.002864,1.087581,0.011495,0.37884
43520,170,13.0,10000.0,0.084325,0.006477,1.086416,0.013146,0.606581
43776,171,13.0,10000.0,0.056697,0.003237,1.085438,0.011062,0.408674
44032,172,13.0,10000.0,0.162696,0.067955,1.084494,0.009959,1.170277
44288,173,13.0,10000.0,-0.016869,0.001052,1.082395,0.011518,0.120135
44544,174,13.0,10000.0,-0.045122,0.002383,1.080246,0.010862,0.330647
44800,175,13.0,10000.0,-0.083597,0.006438,1.078666,0.010394,0.610061
45056,176,13.0,10000.0,0.056652,0.046293,1.077144,0.010414,0.416877
45312,177,13.0,10000.0,-0.090606,0.007307,1.074724,0.010342,0.653228
45568,178,13.0,10000.0,-0.06956,0.004756,1.071311,0.012008,0.520147
45824,179,13.0,10000.0,-0.023238,0.000578,1.068822,0.01144,0.179549
46080,180,13.0,10000.0,0.008956,0.000215,1.067835,0.011196,0.069686
46336,181,13.0,10000.0,0.034683,0.001371,1.067283,0.009388,0.260338
46592,182,13.0,10000.0,0.163274,0.070207,1.066722,0.010613,1.208974
46848,183,13.0,10000.0,0.164309,0.070082,1.065898,0.011678,1.240259
47104,184,13.0,10000.0,0.137853,0.057899,1.065413,0.009501,1.02792
47360,185,13.0,10000.0,-0.02492,0.000618,1.063667,0.010143,0.186698
47616,186,13.0,10000.0,-0.0731,0.005854,1.06321,0.010106,0.555635
47872,187,13.0,10000.0,-0.086897,0.008205,1.063584,0.009108,0.660749
48128,188,13.0,10000.0,-0.070123,0.004455,1.064572,0.009882,0.52042
48384,189,13.0,10000.0,0.088277,0.048909,1.065556,0.013634,0.655533
48640,190,13.0,10000.0,-0.045457,0.002201,1.066879,0.012064,0.345272
48896,191,13.0,10000.0,0.242533,0.113553,1.068663,0.014979,1.806946
49152,192,13.0,10000.0,-0.008436,0.00039,1.069547,0.009744,0.067085
49408,193,13.0,10000.0,0.006453,0.000149,1.071064,0.010971,0.053113
49664,194,13.0,10000.0,0.131723,0.058547,1.073159,0.009966,0.980458
49920,195,13.0,10000.0,0.093012,0.04286,1.075193,0.011009,0.684885
50176,196,13.4,10000.0,0.023877,0.046029,1.076934,0.08309,0.179602
50432,197,13.4,10000.0,-0.068744,0.029304,1.077867,0.010068,0.523665
50688,198,13.4,10000.0,-0.126519,0.015389,1.079882,0.008745,0.952374
50944,199,13.4,10000.0,0.018305,0.040475,1.082216,0.009478,0.129513
51200,200,13.4,10000.0,0.010216,0.037083,1.084273,0.010477,0.076707
51456,201,13.4,10000.0,-0.000761,0.041052,1.086404,0.011972,0.036454
51712,202,13.4,10000.0,-0.144995,0.019575,1.088041,0.011577,1.065068
51968,203,13.4,10000.0,-0.121893,0.013785,1.088936,0.009235,0.911691
52224,204,13.4,10000.0,0.057502,0.039942,1.09025,0.009548,0.421636
52480,205,13.4,10000.0,-0.051431,0.002602,1.09129,0.008874,0.387807
52736,206,13.4,10000.0,-0.051892,0.002886,1.092724,0.009078,0.384651
52992,207,13.4,10000.0,-0.015899,0.001686,1.093863,0.012196,0.116108
53248,208,13.4,10000.0,0.035569,0.001886,1.094568,0.009499,0.265398
53504,209,13.4,10000.0,0.197704,0.070205,1.095195,0.011664,1.454097
53760,210,13.4,10000.0,0.082885,0.006492,1.095629,0.010017,0.613616
54016,211,13.4,10000.0,0.041553,0.002192,1.096157,0.010463,0.308821
54272,212,13.4,10000.0,0.079203,0.044197,1.096533,0.011912,0.585224
54528,213,13.4,10000.0,-0.000487,0.00067,1.096407,0.009419,0.015433
54784,214,13.4,10000.0,-0.05729,0.003966,1.096375,0.009076,0.426134
55040,215,13.4,10000.0,-0.055297,0.002992,1.096554,0.008967,0.406593
55296,216,13.4,10000.0,0.076087,0.046258,1.096433,0.008926,0.555647
55552,217,13.4,10000.0,-0.062215,0.003583,1.096392,0.009193,0.463926
55808,218,13.4,10000.0,-0.100293,0.009414,1.096618,0.010183,0.742908
56064,219,13.4,10000.0,-0.086276,0.006951,1.097061,0.012845,0.638009
56320,220,13.4,10000.0,0.098098,0.046945,1.097267,0.009782,0.720072
56576,221,13.4,10000.0,-0.018239,0.000964,1.09747,0.00865,0.13531
56832,222,13.4,10000.0,0.141815,0.060366,1.097581,0.0085,1.04532
57088,223,13.4,10000.0,0.249408,0.116005,1.097656,0.009712,1.854074
57344,224,13.4,10000.0,0.117394,0.056199,1.097323,0.011077,0.87057
57600,225,13.4,10000.0,0.060226,0.046589,1.097083,0.008222,0.441899
57856,226,13.4,10000.0,-0.089592,0.008429,1.096728,0.008703,0.66355
58112,227,13.4,10000.0,-0.071557,0.032134,1.096251,0.008677,0.535204
58368,228,13.4,10000.0,-0.103687,0.020815,1.095739,0.010227,0.777304
58624,229,13.4,10000.0,-0.118857,0.013201,1.095368,0.008831,0.883178
58880,230,13.4,10000.0,-0.085054,0.006969,1.095122,0.008519,0.630198
59136,231,13.4,10000.0,-0.052348,0.003341,1.094794,0.008683,0.389155
59392,232,13.4,10000.0,0.021786,0.000665,1.094396,0.008813,0.16254
59648,233,13.4,10000.0,0.196516,0.073782,1.094137,0.009234,1.458178
59904,234,13.4,10000.0,0.044471,0.002924,1.094255,0.010688,0.330221
60160,235,14.0,10000.0,0.065216,0.004986,1.094489,0.081284,0.485948
60416,236,14.0,10000.0,0.041172,0.001861,1.094245,0.010301,0.305563
60672,237,14.0,10000.0,0.063373,0.003687,1.094157,0.008514,0.477657
60928,238,14.0,10000.0,0.004898,0.00078,1.094026,0.008099,0.039916
61184,239,14.0,10000.0,0.097267,0.05015,1.093876,0.008339,0.71134
61440,240,14.0,10000.0,-0.092177,0.007891,1.093979,0.012463,0.679284
61696,241,14.0,10000.0,0.022386,0.038875,1.093763,0.011927,0.16552
61952,242,14.0,10000.0,0.025027,0.040571,1.093595,0.008531,0.178152
62208,243,14.0,10000.0,-0.124861,0.014172,1.093346,0.00922,0.928663
62464,244,14.0,10000.0,-0.142654,0.01925,1.093274,0.008195,1.054534
62720,245,14.0,10000.0,-0.141635,0.018602,1.092925,0.008501,1.058247
62976,246,14.0,10000.0,-0.140578,0.018604,1.092876,0.008375,1.052343
63232,247,14.0,10000.0,0.180626,0.088291,1.093136,0.009333,1.314628
63488,248,14.0,10000.0,0.027216,0.04094,1.094081,0.013052,0.197355
63744,249,14.0,10000.0,0.053541,0.046963,1.094716,0.008483,0.390824
64000,250,14.0,10000.0,-0.090766,0.008386,1.095127,0.008682,0.666765
64256,251,14.0,10000.0,-0.091335,0.007532,1.095491,0.012171,0.674186
64512,252,14.0,10000.0,-0.033909,0.001832,1.095895,0.009714,0.247738
64768,253,14.0,10000.0,-0.023886,0.001865,1.09616,0.008212,0.17337
65024,254,14.0,10000.0,0.054594,0.003488,1.096257,0.009064,0.405937
65280,255,14.0,10000.0,0.196257,0.078035,1.096414,0.009107,1.446079
65536,256,14.0,10000.0,0.066478,0.004186,1.096864,0.007807,0.488341
65792,257,14.0,10000.0,0.089733,0.028023,1.097326,0.008854,0.656034
66048,258,14.0,10000.0,0.015838,0.000892,1.097684,0.009371,0.118439
66304,259,14.0,10000.0,-0.01735,0.000635,1.097982,0.00883,0.128411
66560,260,14.0,10000.0,0.066576,0.044928,1.098238,0.012813,0.486179
66816,261,14.0,10000.0,0.0305,0.034769,1.098325,0.010809,0.215983
67072,262,14.0,10000.0,-0.094121,0.008641,1.098418,0.008633,0.695797
67328,263,14.0,10000.0,-0.16214,0.025839,1.098494,0.007958,1.175214
67584,264,14.0,10000.0,-0.128967,0.031684,1.09845,0.009053,0.94681
67840,265,14.0,10000.0,-0.124811,0.013885,1.098361,0.008585,0.915933
68096,266,14.0,10000.0,0.028268,0.038319,1.098114,0.007802,0.201001
68352,267,14.0,10000.0,-0.100501,0.009748,1.097872,0.007805,0.727604
68608,268,14.0,10000.0,-0.037678,0.002269,1.097427,0.008789,0.276654
68864,269,14.0,10000.0,0.017158,0.000538,1.097107,0.009094,0.127394
69120,270,14.0,10000.0,-0.022784,0.001242,1.096876,0.00813,0.164123
69376,271,14.0,10000.0,0.070395,0.004933,1.0965,0.008475,0.519201
69632,272,14.0,10000.0,0.066303,0.006032,1.096206,0.010082,0.496061
69888,273,14.0,10000.0,0.038748,0.003552,1.095479,0.008559,0.288334
70144,274,13.8571,10000.0,0.058304,0.003993,1.094541,0.078788,0.4286
70400,275,13.8571,10000.0,0.017346,0.001304,1.093361,0.007774,0.12917
70656,276,13.8571,10000.0,0.233649,0.107746,1.092296,0.010581,1.697656
70912,277,13.8571,10000.0,0.050902,0.040448,1.091433,0.010365,0.371879
71168,278,13.8571,10000.0,0.079184,0.04773,1.090527,0.010546,0.582687
71424,279,13.8571,10000.0,-0.126387,0.015403,1.089975,0.008867,0.914836
71680,280,13.8571,10000.0,-0.166656,0.025948,1.088538,0.009316,1.226484
71936,281,13.8571,10000.0,-0.17358,0.027732,1.087446,0.008178,1.286945
72192,282,13.8571,10000.0,0.070831,0.060227,1.086602,0.011912,0.510853
72448,283,13.8571,10000.0,-0.182342,0.033075,1.085903,0.009682,1.372284
72704,284,13.8571,10000.0,-0.199859,0.036579,1.08647,0.008232,1.461455
72960,285,13.8571,10000.0,-0.188937,0.03421,1.086555,0.010959,1.404727
73216,286,13.8571,10000.0,-0.137226,0.017834,1.087355,0.008166,1.006745
73472,287,13.8571,10000.0,0.036708,0.047353,1.087849,0.009646,0.272042
73728,288,13.8571,10000.0,-0.090763,0.00863,1.088258,0.01027,0.664407
73984,289,13.8571,10000.0,-0.089254,0.008871,1.088751,0.011176,0.643512
74240,290,13.8571,10000.0,0.044549,0.001928,1.088397,0.008758,0.330948
74496,291,13.8571,10000.0,0.206767,0.080724,1.088222,0.008788,1.54359
74752,292,13.8571,10000.0,0.079902,0.006244,1.087661,0.008732,0.591857
75008,293,13.8571,10000.0,0.102459,0.009316,1.08708,0.008794,0.765535
75264,294,13.8571,10000.0,0.07457,0.005243,1.085941,0.007955,0.543007
75520,295,13.8571,10000.0,0.043027,0.002397,1.085442,0.008818,0.318979
75776,296,13.8571,10000.0,-0.009311,0.001445,1.085228,0.008724,0.06979
76032,297,13.8571,10000.0,0.000745,0.000138,1.084704,0.008612,0.013727
76288,298,13.8571,10000.0,-0.054893,0.003428,1.084351,0.008818,0.409438
76544,299,13.8571,10000.0,-0.057386,0.003784,1.084292,0.009384,0.421357
76800,300,13.8571,10000.0,-0.057869,0.003925,1.083785,0.009751,0.428284
77056,301,13.8571,10000.0,-0.038022,0.002202,1.083153,0.008635,0.279066
77312,302,13.8571,10000.0,0.129648,0.049788,1.082252,0.010073,0.945219
77568,303,13.8571,10000.0,0.001378,0.000175,1.081931,0.008621,0.014333
77824,304,13.8571,10000.0,0.124311,0.053974,1.081904,0.008877,0.927522
78080,305,13.8571,10000.0,-0.007218,0.000526,1.081633,0.008924,0.055631
78336,306,13.8571,10000.0,-0.020837,0.001385,1.081628,0.008309,0.153691
78592,307,13.8571,10000.0,-0.027816,0.001071,1.081267,0.007807,0.208912
78848,308,13.8571,10000.0,-0.014133,0.000434,1.081039,0.007941,0.105276
79104,309,13.8571,10000.0,0.236538,0.11187,1.081064,0.009195,1.784594
79360,310,13.8571,10000.0,-0.017524,0.000537,1.080112,0.007814,0.131536
79616,311,13.8571,10000.0,0.004987,0.016151,1.079608,0.012028,0.04121
79872,312,13.8571,10000.0,0.012038,0.023023,1.079116,0.009787,0.088799
80128,313,13.875,10000.0,-0.03832,0.001716,1.079484,0.088324,0.284327
80384,314,13.875,10000.0,0.105002,0.045781,1.078633,0.008761,0.774913
80640,315,13.875,10000.0,-0.044672,0.00203,1.078966,0.007605,0.336588
80896,316,13.875,10000.0,-0.064361,0.005002,1.079453,0.008861,0.47646
81152,317,13.875,10000.0,-0.040815,0.001987,1.079231,0.00909,0.306157
81408,318,13.875,10000.0,-0.025096,0.001203,1.079377,0.008121,0.193696
81664,319,13.875,10000.0,0.109241,0.049502,1.080148,0.010838,0.814488
81920,320,13.875,10000.0,0.071864,0.045558,1.080366,0.009205,0.534653
82176,321,13.875,10000.0,0.013501,0.00039,1.080705,0.007609,0.103968
82432,322,13.875,10000.0,-0.007656,0.000343,1.081797,0.008604,0.060449
82688,323,13.875,10000.0,-0.015476,0.001309,1.082778,0.00807,0.114568
82944,324,13.875,10000.0,-0.013604,0.000494,1.08353,0.008232,0.102277
83200,325,13.875,10000.0,-0.073176,0.005378,1.084704,0.007998,0.54399
83456,326,13.875,10000.0,-0.021834,0.000923,1.085809,0.00885,0.160325
83712,327,13.875,10000.0,0.014429,0.000953,1.085954,0.008244,0.110479
83968,328,13.875,10000.0,-0.014924,0.001033,1.087087,0.007817,0.113548
84224,329,13.875,10000.0,0.183584,0.071819,1.08794,0.009736,1.383803
84480,330,13.875,10000.0,0.02445,0.001926,1.088284,0.010845,0.188731
84736,331,13.875,10000.0,0.004699,0.001191,1.088468,0.011047,0.043704
84992,332,13.875,10000.0,0.009995,0.001477,1.088553,0.008496,0.078453
85248,333,13.875,10000.0,0.019934,0.00106,1.088949,0.008303,0.151004
85504,334,13.875,10000.0,-0.010344,0.000999,1.089056,0.008014,0.076203
85760,335,13.875,10000.0,0.021598,0.000735,1.089105,0.007931,0.162209
86016,336,13.875,10000.0,-0.037095,0.002797,1.089712,0.009446,0.271741
86272,337,13.875,10000.0,-0.029116,0.001547,1.089873,0.008415,0.219668
86528,338,13.875,10000.0,0.09766,0.060686,1.090118,0.008931,0.734059
86784,339,13.875,10000.0,-0.029144,0.001603,1.090561,0.008209,0.217688
87040,340,13.875,10000.0,-0.030704,0.00137,1.090947,0.007939,0.230819
87296,341,13.875,10000.0,-0.015855,0.000508,1.091403,0.008688,0.11912
87552,342,13.875,10000.0,-0.021673,0.000972,1.091933,0.008517,0.162977
87808,343,13.875,10000.0,-0.027967,0.001934,1.092585,0.007799,0.207236
88064,344,13.875,10000.0,0.017706,0.000605,1.093027,0.008957,0.132384
88320,345,13.875,10000.0,0.012945,0.000725,1.093459,0.008508,0.098349
88576,346,13.875,10000.0,0.006924,0.000645,1.093862,0.010701,0.055636
88832,347,13.875,10000.0,0.107424,0.049065,1.094208,0.00893,0.807198
89088,348,13.875,10000.0,-0.000809,0.001292,1.093849,0.009194,0.01312
89344,349,13.875,10000.0,-0.031832,0.00162,1.093556,0.010642,0.235548
89600,350,13.875,10000.0,-0.007189,0.001021,1.093153,0.00902,0.05437
89856,351,13.875,10000.0,0.001238,0.000322,1.092778,0.007876,0.01922
90112,352,13.2222,10000.0,0.236163,0.100429,1.093097,0.090491,1.73049
90368,353,13.2222,10000.0,0.002017,0.000354,1.093063,0.007723,0.019153
90624,354,13.2222,10000.0,0.17938,0.091996,1.093573,0.008203,1.331544
90880,355,13.2222,10000.0,0.077183,0.050212,1.093547,0.008849,0.580376
91136,356,13.2222,10000.0,0.00358,0.037361,1.093403,0.010402,0.057966
91392,357,13.2222,10000.0,-0.147999,0.020671,1.093515,0.008011,1.098858
91648,358,13.2222,10000.0,-0.15691,0.022637,1.093658,0.008873,1.157493
91904,359,13.2222,10000.0,0.027959,0.061685,1.093486,0.011554,0.204023
92160,360,13.2222,10000.0,-0.142621,0.017803,1.09346,0.009781,1.055015
92416,361,13.2222,10000.0,-0.112401,0.047249,1.093086,0.008383,0.832742
92672,362,13.2222,10000.0,-0.030943,0.040385,1.092502,0.009668,0.249222
92928,363,13.2222,10000.0,-0.104406,0.01018,1.092436,0.008743,0.77542
93184,364,13.2222,10000.0,-0.074068,0.005567,1.092299,0.009484,0.55003
93440,365,13.2222,10000.0,-0.009895,0.000762,1.091996,0.00855,0.072943
93696,366,13.2222,10000.0,0.145307,0.055188,1.091838,0.00958,1.06731
93952,367,13.2222,10000.0,0.077128,0.005191,1.091973,0.008851,0.575301
94208,368,13.2222,10000.0,0.074852,0.005669,1.09253,0.008337,0.561325
94464,369,13.2222,10000.0,0.181614,0.070474,1.092832,0.008231,1.333417
94720,370,13.2222,10000.0,0.063947,0.003856,1.093258,0.008707,0.477301
94976,371,13.2222,10000.0,0.132246,0.058456,1.094127,0.008745,0.979905
95232,372,13.2222,10000.0,-0.020305,0.002101,1.094942,0.009736,0.150248
95488,373,13.2222,10000.0,-0.082432,0.007376,1.095641,0.008585,0.611447
95744,374,13.2222,10000.0,-0.061066,0.003811,1.096069,0.008185,0.457512
96000,375,13.2222,10000.0,-0.097392,0.009018,1.096684,0.009686,0.720595
96256,376,13.2222,10000.0,-0.049629,0.002813,1.097081,0.008604,0.365269
96512,377,13.2222,10000.0,-0.021286,0.000886,1.09725,0.008777,0.157868
96768,378,13.2222,10000.0,0.119998,0.045934,1.097376,0.010987,0.883791
97024,379,13.2222,10000.0,0.113687,0.053921,1.097424,0.008031,0.846325
97280,380,13.2222,10000.0,-0.04903,0.003321,1.09729,0.009233,0.362372
97536,381,13.2222,10000.0,-0.034347,0.001871,1.097142,0.009781,0.254136
97792,382,13.2222,10000.0,0.006891,0.001676,1.097064,0.009332,0.054438
98048,383,13.2222,10000.0,-0.031159,0.001806,1.097115,0.008197,0.23135
98304,384,13.2222,10000.0,0.027942,0.00192,1.09716,0.008146,0.209458
98560,385,13.2222,10000.0,0.014322,0.001762,1.097162,0.00878,0.109672
98816,386,13.2222,10000.0,0.05208,0.002827,1.097165,0.009749,0.389433
99072,387,13.2222,10000.0,-0.003521,0.003073,1.097227,0.01207,0.030819
99328,388,13.2222,10000.0,0.039035,0.00155,1.097172,0.009086,0.290751
99584,389,13.2222,10000.0,0.097369,0.053805,1.09723,0.013025,0.718254
99840,390,13.2222,10000.0,-0.00308,0.000198,1.097238,0.008408,0.025513
100096,391,13.4,10000.0,-0.033615,0.001285,1.097306,0.090717,0.246827
100352,392,13.4,10000.0,-0.043967,0.001936,1.097274,0.008912,0.327358
100608,393,13.4,10000.0,-0.053418,0.00309,1.097332,0.009062,0.39663
100864,394,13.4,10000.0,0.020826,0.046545,1.097414,0.011583,0.161138
101120,395,13.4,10000.0,0.048927,0.037203,1.097423,0.012069,0.356335
101376,396,13.4,10000.0,0.056736,0.037342,1.097456,0.010414,0.416228
101632,397,13.4,10000.0,-0.077715,0.006296,1.097407,0.009761,0.572842
101888,398,13.4,10000.0,-0.09147,0.008229,1.097449,0.009288,0.674337
102144,399,13.4,10000.0,-0.073171,0.005351,1.097169,0.009174,0.543212
102400,400,13.4,10000.0,-0.06886,0.005015,1.097107,0.008887,0.510771
102656,401,13.4,10000.0,-0.058845,0.004248,1.097138,0.008897,0.433349
102912,402,13.4,10000.0,0.152002,0.060302,1.097157,0.009762,1.1147
103168,403,13.4,10000.0,0.064482,0.004931,1.09712,0.009423,0.47872
103424,404,13.4,10000.0,0.13902,0.047689,1.097208,0.009896,1.018375
103680,405,13.4,10000.0,0.068181,0.005663,1.097495,0.010409,0.507765
103936,406,13.4,10000.0,0.033503,0.003198,1.097734,0.011046,0.25198
104192,407,13.4,10000.0,0.043611,0.002018,1.097848,0.00911,0.323858
104448,408,13.4,10000.0,-0.002392,0.001057,1.097904,0.009376,0.018682
104704,409,13.4,10000.0,0.085397,0.04545,1.097875,0.009116,0.621392
104960,410,13.4,10000.0,0.067374,0.042563,1.097944,0.009435,0.495953
105216,411,13.4,10000.0,-0.106573,0.011307,1.097941,0.009291,0.784409
105472,412,13.4,10000.0,-0.148089,0.020397,1.097867,0.009095,1.099561
105728,413,13.4,10000.0,-0.168075,0.027208,1.097918,0.009351,1.248127
105984,414,13.4,10000.0,-0.066495,0.045584,1.098101,0.00964,0.499588
106240,415,13.4,10000.0,-0.008137,0.040297,1.098108,0.008846,0.064934
106496,416,13.4,10000.0,0.007853,0.055095,1.098117,0.009189,0.059211
106752,417,13.4,10000.0,-0.079807,0.006378,1.098059,0.00975,0.588779
107008,418,13.4,10000.0,-0.116474,0.014232,1.097965,0.012146,0.851428
107264,419,13.4,10000.0,-0.052718,0.003501,1.097757,0.009793,0.385364
107520,420,13.4,10000.0,-0.003899,0.000518,1.097415,0.00902,0.032876
107776,421,13.4,10000.0,0.012067,0.002213,1.097126,0.011576,0.094229
108032,422,13.4,10000.0,0.082985,0.006527,1.096813,0.009037,0.615612
108288,423,13.4,10000.0,0.106947,0.010088,1.09629,0.00993,0.786887
108544,424,13.4,10000.0,0.237561,0.092051,1.096286,0.009316,1.757645
108800,425,13.4,10000.0,0.07428,0.005823,1.09636,0.008833,0.55048
109056,426,13.4,10000.0,0.185596,0.06321,1.096332,0.00929,1.350874
109312,427,13.4,10000.0,0.016621,0.001094,1.096345,0.00954,0.124398
109568,428,13.4,10000.0,0.004232,0.000186,1.096478,0.009837,0.03305
109824,429,13.4,10000.0,-0.042298,0.002399,1.096575,0.010101,0.308429
110080,430,13.2727,10000.0,-0.075829,0.00575,1.096629,0.088921,0.547788
110336,431,13.2727,10000.0,0.013853,0.03675,1.096525,0.011355,0.101512
110592,432,13.2727,10000.0,-0.098645,0.009752,1.096479,0.011485,0.725223
110848,433,13.2727,10000.0,-0.047494,0.002188,1.096597,0.010352,0.348984
111104,434,13.2727,10000.0,-0.088223,0.008995,1.096756,0.010015,0.634145
111360,435,13.2727,10000.0,0.081352,0.04275,1.096855,0.011773,0.592231
111616,436,13.2727,10000.0,-0.021294,0.002068,1.096621,0.009903,0.152535
111872,437,13.2727,10000.0,0.009305,0.000426,1.09632,0.009261,0.069391
112128,438,13.2727,10000.0,-0.020307,0.001145,1.096221,0.009779,0.146115
112384,439,13.2727,10000.0,0.064256,0.051116,1.096009,0.012673,0.47355
112640,440,13.2727,10000.0,0.127066,0.046528,1.0955,0.011481,0.921821
112896,441,13.2727,10000.0,0.090783,0.048692,1.094883,0.01468,0.657882
113152,442,13.2727,10000.0,-0.012551,0.000712,1.093962,0.009762,0.090349
113408,443,13.2727,10000.0,-0.033127,0.001715,1.093325,0.0095,0.241057
113664,444,13.2727,10000.0,0.067707,0.04729,1.092995,0.011196,0.488859
113920,445,13.2727,10000.0,-0.07729,0.006389,1.092418,0.010153,0.557277
114176,446,13.2727,10000.0,-0.085965,0.00689,1.091348,0.010011,0.633083
114432,447,13.2727,10000.0,0.044913,0.04054,1.090753,0.010795,0.327818
114688,448,13.2727,10000.0,-0.062401,0.003901,1.089593,0.011798,0.462913
114944,449,13.2727,10000.0,0.034688,0.039785,1.089345,0.013363,0.248174
115200,450,13.2727,10000.0,-0.122775,0.015508,1.089174,0.012339,0.903628
115456,451,13.2727,10000.0,-0.050956,0.00286,1.088976,0.009719,0.372451
115712,452,13.2727,10000.0,0.051875,0.046096,1.089086,0.009953,0.37854
115968,453,13.2727,10000.0,0.042683,0.038678,1.088987,0.00975,0.30823
116224,454,13.2727,10000.0,0.098701,0.045287,1.089072,0.010062,0.7172
116480,455,13.2727,10000.0,-0.001613,9.9e-05,1.088585,0.010362,0.020247
116736,456,13.2727,10000.0,-0.027223,0.001459,1.088633,0.01061,0.202921
116992,457,13.2727,10000.0,0.082186,0.040748,1.089018,0.010256,0.58736
117248,458,13.2727,10000.0,-0.054163,0.004025,1.088735,0.010977,0.396287
117504,459,13.2727,10000.0,0.059746,0.041358,1.088967,0.010491,0.429738
117760,460,13.2727,10000.0,-0.0513,0.002762,1.089354,0.011086,0.37779
118016,461,13.2727,10000.0,0.0386,0.048581,1.090371,0.009792,0.279528
118272,462,13.2727,10000.0,0.017465,0.042371,1.090823,0.010814,0.127929
118528,463,13.2727,10000.0,-5.7e-05,0.037304,1.091462,0.013259,0.034054
118784,464,13.2727,10000.0,-0.118788,0.043498,1.091958,0.013511,0.868098
119040,465,13.2727,10000.0,-0.077392,0.005496,1.091972,0.010739,0.576396
119296,466,13.2727,10000.0,-0.082933,0.007184,1.092918,0.010229,0.603742
119552,467,13.2727,10000.0,-0.046166,0.002211,1.093569,0.011185,0.343007
119808,468,13.2727,10000.0,-0.025753,0.001902,1.094437,0.011394,0.187688
120064,469,13.5833,10000.0,-0.030865,0.002919,1.095313,0.091618,0.222436
120320,470,13.5833,10000.0,0.142619,0.065212,1.095738,0.00993,1.036312
120576,471,13.5833,10000.0,0.167616,0.071672,1.096423,0.011029,1.21379
120832,472,13.5833,10000.0,0.089982,0.007292,1.09699,0.010096,0.662039
121088,473,13.5833,10000.0,0.064077,0.005431,1.09726,0.010426,0.475354
121344,474,13.5833,10000.0,0.137568,0.056095,1.09727,0.010302,1.001143
121600,475,13.5833,10000.0,0.114687,0.047813,1.097129,0.01284,0.826643
121856,476,13.5833,10000.0,-0.005107,0.00025,1.096856,0.010808,0.039565
122112,477,13.5833,10000.0,0.041173,0.036656,1.096889,0.012828,0.29695
122368,478,13.5833,10000.0,0.004058,0.037136,1.096668,0.011573,0.040266
122624,479,13.5833,10000.0,-0.13722,0.017425,1.096439,0.010381,0.992246
122880,480,13.5833,10000.0,-0.14111,0.018032,1.096101,0.009902,1.033494
123136,481,13.5833,10000.0,-0.159221,0.025169,1.095911,0.009591,1.169178
123392,482,13.5833,10000.0,-0.180384,0.028666,1.095765,0.009887,1.292858
123648,483,13.5833,10000.0,-0.18352,0.034838,1.095465,0.013213,1.32699
123904,484,13.5833,10000.0,-0.100235,0.011413,1.094797,0.011164,0.727347
124160,485,13.5833,10000.0,-0.053992,0.003069,1.094419,0.00999,0.392441
124416,486,13.5833,10000.0,-0.024662,0.00284,1.093884,0.010867,0.175939
124672,487,13.5833,10000.0,0.014586,0.001321,1.093527,0.012039,0.1104
124928,488,13.5833,10000.0,0.050282,0.003365,1.092944,0.01086,0.369299
125184,489,13.5833,10000.0,0.115515,0.012825,1.092363,0.010759,0.86142
125440,490,13.5833,10000.0,0.202431,0.06979,1.091567,0.010009,1.471332
125696,491,13.5833,10000.0,0.243581,0.084121,1.091244,0.011451,1.773222
125952,492,13.5833,10000.0,0.065844,0.00567,1.090805,0.010764,0.484632
126208,493,13.5833,10000.0,0.327151,0.154709,1.090938,0.01117,2.415315
126464,494,13.5833,10000.0,-0.014509,0.001581,1.090539,0.012039,0.106119
126720,495,13.5833,10000.0,0.08243,0.038057,1.090013,0.010968,0.592978
126976,496,13.5833,10000.0,0.102447,0.0526,1.090324,0.010493,0.745221
127232,497,13.5833,10000.0,-0.077671,0.006278,1.090276,0.011014,0.564814
127488,498,13.5833,10000.0,-0.138394,0.018187,1.09046,0.012223,1.003496
127744,499,13.5833,10000.0,-0.194667,0.037509,1.090603,0.014259,1.433487
128000,500,13.5833,10000.0,-0.158732,0.024412,1.091077,0.013067,1.154464
128256,501,13.5833,10000.0,0.098078,0.066978,1.091768,0.014619,0.715503
128512,502,13.5833,10000.0,-0.088706,0.008333,1.091274,0.011366,0.657538
128768,503,13.5833,10000.0,0.043511,0.048679,1.092156,0.011078,0.308771
129024,504,13.5833,10000.0,-0.115319,0.013651,1.092344,0.012276,0.835379
129280,505,13.5833,10000.0,-0.125203,0.015529,1.092368,0.010789,0.900774
129536,506,13.5833,10000.0,-0.071245,0.005664,1.092215,0.010733,0.526602
129792,507,13.5833,10000.0,-0.016575,0.000442,1.0926,0.010983,0.122189
130048,508,13.7692,10000.0,-0.005009,0.001148,1.093255,0.090632,0.040551
130304,509,13.7692,10000.0,0.05496,0.002868,1.093469,0.010606,0.40034
130560,510,13.7692,10000.0,0.133833,0.054074,1.094133,0.011134,0.959319
130816,511,13.7692,10000.0,0.185004,0.075258,1.094397,0.01048,1.34131
131072,512,13.7692,10000.0,0.018995,0.003889,1.095241,0.012072,0.143414
131328,513,13.7692,10000.0,0.004333,0.001902,1.095892,0.010783,0.036353
131584,514,13.7692,10000.0,0.139078,0.054906,1.09643,0.011631,0.996786
131840,515,13.7692,10000.0,-0.00235,0.00304,1.096706,0.011074,0.018317
132096,516,13.7692,10000.0,0.055366,0.041318,1.097065,0.010804,0.395832
132352,517,13.7692,10000.0,-0.053344,0.005933,1.097401,0.011211,0.38368
132608,518,13.7692,10000.0,-0.085084,0.008889,1.097681,0.010493,0.612134
132864,519,13.7692,10000.0,-0.049533,0.003229,1.09782,0.011481,0.358572
133120,520,13.7692,10000.0,-0.038095,0.001998,1.097894,0.010859,0.274304
133376,521,13.7692,10000.0,-0.089361,0.008755,1.097899,0.011239,0.645682
133632,522,13.7692,10000.0,-0.04349,0.003614,1.098024,0.011721,0.31256
133888,523,13.7692,10000.0,0.016603,0.001155,1.098016,0.011758,0.122765
134144,524,13.7692,10000.0,0.170837,0.062158,1.098044,0.010836,1.223942
134400,525,13.7692,10000.0,-0.003101,0.002119,1.098065,0.013684,0.031896
134656,526,13.7692,10000.0,0.347171,0.179121,1.097889,0.010958,2.505716
134912,527,13.7692,10000.0,0.165676,0.061164,1.098036,0.0135,1.192104
135168,528,13.7692,10000.0,0.021063,0.004777,1.098012,0.012743,0.161484
135424,529,13.7692,10000.0,0.148288,0.054913,1.098097,0.012302,1.068174
135680,530,13.7692,10000.0,0.001496,0.001958,1.098073,0.011627,0.019191
135936,531,13.7692,10000.0,-0.035251,0.001952,1.097983,0.010664,0.251868
136192,532,13.7692,10000.0,-0.062949,0.005447,1.097979,0.01131,0.448897
136448,533,13.7692,10000.0,0.107493,0.050835,1.097927,0.011725,0.778215
136704,534,13.7692,10000.0,0.075825,0.042871,1.097992,0.011409,0.538725
136960,535,13.7692,10000.0,-0.115881,0.012529,1.098039,0.011611,0.830882
137216,536,13.7692,10000.0,0.029373,0.039745,1.097895,0.0107,0.209318
137472,537,13.7692,10000.0,-0.15779,0.024558,1.097822,0.013701,1.129359
137728,538,13.7692,10000.0,-0.160898,0.025087,1.097533,0.013338,1.150709
137984,539,13.7692,10000.0,-0.165878,0.025821,1.097106,0.010647,1.198173
138240,540,13.7692,10000.0,-0.120866,0.013089,1.09677,0.011249,0.872289
138496,541,13.7692,10000.0,-0.061103,0.003661,1.096352,0.011303,0.441963
138752,542,13.7692,10000.0,-0.039192,0.00288,1.096023,0.011897,0.27995
139008,543,13.7692,10000.0,-0.004153,0.000956,1.095614,0.012396,0.031747
139264,544,13.7692,10000.0,0.026412,0.002683,1.095188,0.013189,0.195495
139520,545,13.7692,10000.0,0.204192,0.071501,1.094637,0.011696,1.465134
139776,546,13.7692,10000.0,0.051,0.004212,1.094258,0.010851,0.371269
140032,547,13.7857,10000.0,0.216394,0.086429,1.093562,0.093363,1.570936
140288,548,13.7857,10000.0,0.208676,0.072022,1.093105,0.011025,1.521015
140544,549,13.7857,10000.0,0.06736,0.004518,1.092707,0.011939,0.507897
140800,550,13.7857,10000.0,0.050021,0.002748,1.091145,0.01076,0.365263
141056,551,13.7857,10000.0,0.019312,0.000753,1.089563,0.011989,0.140753
141312,552,13.7857,10000.0,0.190124,0.087975,1.088341,0.012164,1.357841
141568,553,13.7857,10000.0,-0.078146,0.008402,1.087082,0.011534,0.56944
141824,554,13.7857,10000.0,-0.093692,0.008804,1.086654,0.011223,0.683555
142080,555,13.7857,10000.0,0.018341,0.036878,1.086392,0.011741,0.126819
142336,556,13.7857,10000.0,-0.161594,0.026312,1.08644,0.01537,1.162892
142592,557,13.7857,10000.0,-0.124275,0.025759,1.08594,0.0121,0.89315
142848,558,13.7857,10000.0,0.012843,0.041838,1.085654,0.012265,0.092323
143104,559,13.7857,10000.0,-0.10134,0.010116,1.084875,0.011047,0.740148
143360,560,13.7857,10000.0,0.018244,0.04255,1.084853,0.01233,0.135688
143616,561,13.7857,10000.0,0.055067,0.045796,1.084893,0.012091,0.40094
143872,562,13.7857,10000.0,0.07782,0.041572,1.084062,0.011778,0.567086
144128,563,13.7857,10000.0,-0.096186,0.010106,1.084485,0.011357,0.69411
144384,564,13.7857,10000.0,0.07013,0.044762,1.084099,0.012321,0.503649
144640,565,13.7857,10000.0,0.064506,0.042341,1.083625,0.01224,0.46779
144896,566,13.7857,10000.0,0.012621,0.042456,1.084198,0.012379,0.092757
145152,567,13.7857,10000.0,-0.151334,0.020602,1.085025,0.014443,1.065123
145408,568,13.7857,10000.0,-0.013052,0.031108,1.084304,0.012963,0.110256
145664,569,13.7857,10000.0,-0.107479,0.01056,1.083727,0.011711,0.773442
145920,570,13.7857,10000.0,0.04665,0.042458,1.083014,0.011815,0.331624
146176,571,13.7857,10000.0,0.025408,0.035159,1.082743,0.012449,0.181153
146432,572,13.7857,10000.0,-0.108201,0.012172,1.08251,0.012452,0.776822
146688,573,13.7857,10000.0,-0.099546,0.015978,1.082549,0.011506,0.732725
146944,574,13.7857,10000.0,-0.090895,0.008221,1.082516,0.011778,0.658103
147200,575,13.7857,10000.0,-0.043046,0.002758,1.082478,0.01225,0.315871
147456,576,13.7857,10000.0,-0.009827,0.000925,1.082662,0.011241,0.070281
147712,577,13.7857,10000.0,0.105299,0.050646,1.083571,0.013723,0.7712
147968,578,13.7857,10000.0,0.229823,0.109075,1.083766,0.014102,1.631821
148224,579,13.7857,10000.0,0.03664,0.003609,1.0831,0.01233,0.26684
148480,580,13.7857,10000.0,0.144176,0.057095,1.084615,0.013165,1.053782
148736,581,13.7857,10000.0,-0.016763,0.002481,1.084876,0.014105,0.119273
148992,582,13.7857,10000.0,0.00125,0.000885,1.084635,0.011919,0.013481
149248,583,13.7857,10000.0,0.282497,0.152747,1.084368,0.011556,2.0282
149504,584,13.7857,10000.0,-0.022876,0.001071,1.085333,0.012251,0.165636
149760,585,13.7857,10000.0,0.213623,0.093929,1.086179,0.014108,1.539446
150016,586,14.4667,10000.0,-0.063702,0.005277,1.086262,0.09334,0.472731
150272,587,14.4667,10000.0,0.049445,0.035133,1.087286,0.013598,0.346091
150528,588,14.4667,10000.0,-0.127256,0.018398,1.088163,0.011546,0.913716
150784,589,14.4667,10000.0,0.00264,0.039235,1.089268,0.013087,0.034367
151040,590,14.4667,10000.0,-0.112686,0.012913,1.089925,0.011772,0.817949
151296,591,14.4667,10000.0,-0.073488,0.005738,1.090643,0.011247,0.538589
151552,592,14.4667,10000.0,-0.073062,0.00651,1.091993,0.011704,0.518998
151808,593,14.4667,10000.0,-0.056798,0.004184,1.092679,0.011081,0.407202
152064,594,14.4667,10000.0,0.0002,0.000689,1.093401,0.011852,0.00903
152320,595,14.4667,10000.0,0.007537,0.003055,1.093881,0.013944,0.062834
152576,596,14.4667,10000.0,0.000527,0.001409,1.094541,0.013544,0.025334
152832,597,14.4667,10000.0,0.171349,0.060352,1.094701,0.013684,1.217371
153088,598,14.4667,10000.0,0.040822,0.003633,1.095028,0.01152,0.296511
153344,599,14.4667,10000.0,0.10751,0.010147,1.095407,0.011979,0.769902
153600,600,14.4667,10000.0,0.069184,0.006142,1.0961,0.013132,0.502435
153856,601,14.4667,10000.0,0.340791,0.159681,1.096472,0.011948,2.452378
154112,602,14.4667,10000.0,0.133188,0.059924,1.096951,0.012307,0.964397
154368,603,14.4667,10000.0,-0.017758,0.003027,1.096997,0.012325,0.125846
154624,604,14.4667,10000.0,0.095915,0.042296,1.097119,0.011832,0.678506
154880,605,14.4667,10000.0,0.019608,0.04262,1.097109,0.012677,0.143245
155136,606,14.4667,10000.0,0.010449,0.028026,1.097179,0.013518,0.0745
155392,607,14.4667,10000.0,-0.051451,0.04467,1.09719,0.012535,0.365062
155648,608,14.4667,10000.0,-0.155409,0.021343,1.097214,0.012811,1.120683
155904,609,14.4667,10000.0,-0.226665,0.045042,1.097291,0.01379,1.617304
156160,610,14.4667,10000.0,-0.072071,0.03136,1.097226,0.014036,0.532965
156416,611,14.4667,10000.0,-0.069812,0.044275,1.097273,0.012682,0.491689
156672,612,14.4667,10000.0,-0.029758,0.033161,1.096988,0.012524,0.231729
156928,613,14.4667,10000.0,0.089993,0.058142,1.096828,0.01403,0.629066
157184,614,14.4667,10000.0,-0.102328,0.01221,1.096893,0.012302,0.728539
157440,615,14.4667,10000.0,0.116629,0.066231,1.097054,0.013643,0.824379
157696,616,14.4667,10000.0,0.026203,0.028713,1.097075,0.013808,0.183574
157952,617,14.4667,10000.0,0.044708,0.03522,1.097124,0.012507,0.31147
158208,618,14.4667,10000.0,0.147058,0.083415,1.097205,0.014549,1.036021
158464,619,14.4667,10000.0,-0.062791,0.003709,1.097,0.012678,0.449109
158720,620,14.4667,10000.0,-0.064774,0.003733,1.096818,0.012094,0.467046
158976,621,14.4667,10000.0,-0.074868,0.005297,1.096818,0.012517,0.539183
159232,622,14.4667,10000.0,-0.101009,0.012173,1.096875,0.013385,0.707115
159488,623,14.4667,10000.0,0.116542,0.041373,1.096659,0.013425,0.828682
159744,624,14.4667,10000.0,0.154751,0.058737,1.09672,0.014582,1.089032
160000,625,15.0625,10000.0,-0.021874,0.002538,1.096522,0.079414,0.154804
160256,626,15.0625,10000.0,-0.016007,0.002209,1.096291,0.022821,0.117671
160512,627,15.0625,10000.0,0.046256,0.045378,1.096324,0.013558,0.324814
160768,628,15.0625,10000.0,-0.045488,0.003903,1.096074,0.01353,0.32413
161024,629,15.0625,10000.0,0.101877,0.056107,1.096008,0.015268,0.718123
161280,630,15.0625,10000.0,0.067939,0.031871,1.095603,0.014363,0.473472
161536,631,15.0625,10000.0,-0.088643,0.013375,1.095216,0.014082,0.619356
161792,632,15.0625,10000.0,-0.041068,0.004268,1.094728,0.01225,0.291192
162048,633,15.0625,10000.0,-0.039847,0.003209,1.094343,0.01224,0.28634
162304,634,15.0625,10000.0,-0.035616,0.003567,1.093967,0.012415,0.253601
162560,635,15.0625,10000.0,0.030883,0.001126,1.093702,0.012078,0.220945
162816,636,15.0625,10000.0,0.007472,0.002434,1.093523,0.011931,0.056432
163072,637,15.0625,10000.0,-0.005145,0.005154,1.093603,0.014842,0.042001
163328,638,15.0625,10000.0,-0.012388,0.00225,1.09326,0.011756,0.088707
163584,639,15.0625,10000.0,0.152619,0.049441,1.093446,0.013908,1.086498
163840,640,15.0625,10000.0,0.156883,0.055109,1.09297,0.01259,1.145789
164096,641,15.0625,10000.0,0.093528,0.042889,1.092545,0.012894,0.665052
164352,642,15.0625,10000.0,0.081684,0.036969,1.091794,0.012676,0.581272
164608,643,15.0625,10000.0,-0.053598,0.021962,1.091257,0.013917,0.378008
164864,644,15.0625,10000.0,-0.084036,0.007666,1.090629,0.013467,0.602531
165120,645,15.0625,10000.0,-0.140931,0.026535,1.090102,0.014896,0.993646
165376,646,15.0625,10000.0,0.030077,0.035724,1.089364,0.012408,0.210784
165632,647,15.0625,10000.0,-0.078562,0.006899,1.089422,0.012291,0.562775
165888,648,15.0625,10000.0,-0.03212,0.06984,1.089464,0.015334,0.229112
166144,649,15.0625,10000.0,-0.060316,0.004903,1.089409,0.012443,0.427522
166400,650,15.0625,10000.0,0.072458,0.045397,1.089749,0.013437,0.518693
166656,651,15.0625,10000.0,0.049067,0.03572,1.089908,0.012656,0.344983
166912,652,15.0625,10000.0,0.094715,0.043961,1.090287,0.013684,0.682334
167168,653,15.0625,10000.0,0.009063,0.037915,1.090833,0.014304,0.082168
167424,654,15.0625,10000.0,-0.042378,0.003619,1.090969,0.012614,0.299441
167680,655,15.0625,10000.0,0.102715,0.040971,1.090931,0.013188,0.730987
167936,656,15.0625,10000.0,-0.019153,0.000447,1.091483,0.013355,0.139449
168192,657,15.0625,10000.0,-0.100013,0.010149,1.091575,0.012526,0.715862
168448,658,15.0625,10000.0,-0.091571,0.009615,1.091781,0.012172,0.658252
168704,659,15.0625,10000.0,-0.053367,0.004756,1.092256,0.013819,0.381278
168960,660,15.0625,10000.0,0.107327,0.036662,1.092628,0.014668,0.758022
169216,661,15.0625,10000.0,0.140722,0.057088,1.092726,0.013836,1.011334
169472,662,15.0625,10000.0,-0.12103,0.01693,1.09346,0.015372,0.858141
169728,663,15.0625,10000.0,0.069835,0.030802,1.093471,0.013295,0.487416
169984,664,15.0625,10000.0,0.069831,0.048568,1.093837,0.012868,0.506804
170240,665,15.3529,10000.0,-0.00855,0.00121,1.094187,0.094218,0.062596
170496,666,15.3529,10000.0,0.158918,0.071678,1.09421,0.013833,1.124189
170752,667,15.3529,10000.0,-0.027034,0.001979,1.093877,0.014313,0.1963
171008,668,15.3529,10000.0,-0.105111,0.018927,1.093847,0.01495,0.742753
171264,669,15.3529,10000.0,-0.113296,0.013033,1.093809,0.013092,0.803692
171520,670,15.3529,10000.0,-0.108179,0.012827,1.093384,0.012418,0.774671
171776,671,15.3529,10000.0,-0.09558,0.012897,1.09332,0.012407,0.685329
172032,672,15.3529,10000.0,-0.082656,0.011756,1.093488,0.014843,0.580729
172288,673,15.3529,10000.0,-0.021469,0.00316,1.093073,0.013675,0.151071
172544,674,15.3529,10000.0,-0.003952,0.004556,1.092797,0.015019,0.03508
172800,675,15.3529,10000.0,0.265568,0.12587,1.092873,0.016308,1.866487
173056,676,15.3529,10000.0,0.068622,0.007618,1.092853,0.013335,0.501725
173312,677,15.3529,10000.0,0.083915,0.011674,1.092634,0.015337,0.604047
173568,678,15.3529,10000.0,0.168751,0.053308,1.092909,0.015788,1.210999
173824,679,15.3529,10000.0,-0.004462,0.005499,1.093029,0.015312,0.036211
174080,680,15.3529,10000.0,0.153647,0.057106,1.092952,0.013196,1.109429
174336,681,15.3529,10000.0,0.042814,0.003652,1.092959,0.012825,0.309366
174592,682,15.3529,10000.0,0.142932,0.056893,1.092854,0.013302,1.019899
174848,683,15.3529,10000.0,0.099574,0.048337,1.092578,0.012894,0.71452
175104,684,15.3529,10000.0,0.011944,0.033528,1.092818,0.015783,0.082151
175360,685,15.3529,10000.0,0.000471,0.03237,1.092547,0.014581,0.053057
175616,686,15.3529,10000.0,-0.183709,0.031424,1.092468,0.01279,1.315664
175872,687,15.3529,10000.0,-0.214847,0.042908,1.092616,0.013709,1.540778
176128,688,15.3529,10000.0,-0.170355,0.026709,1.092583,0.013221,1.218265
176384,689,15.3529,10000.0,-0.096903,0.043165,1.092829,0.013594,0.695741
176640,690,15.3529,10000.0,-0.023963,0.038829,1.092622,0.014751,0.185629
176896,691,15.3529,10000.0,-0.114412,0.012726,1.092849,0.013356,0.812731
177152,692,15.3529,10000.0,-0.029689,0.045972,1.092804,0.013648,0.206529
177408,693,15.3529,10000.0,-0.138044,0.019778,1.092296,0.013812,0.976951
177664,694,15.3529,10000.0,-0.058008,0.005055,1.092333,0.013445,0.408703
177920,695,15.3529,10000.0,0.016144,0.000964,1.092151,0.012855,0.115493
178176,696,15.3529,10000.0,0.047811,0.044293,1.092307,0.018314,0.342826
178432,697,15.3529,10000.0,0.219157,0.089631,1.091921,0.014116,1.542975
178688,698,15.3529,10000.0,0.191467,0.06383,1.092111,0.013709,1.348447
178944,699,15.3529,10000.0,-0.000191,0.006254,1.091897,0.015439,0.034307
179200,700,15.3529,10000.0,0.115709,0.062433,1.091956,0.014479,0.835737
179456,701,15.3529,10000.0,0.057336,0.003194,1.091711,0.014215,0.408456
179712,702,15.3529,10000.0,0.153783,0.066962,1.092046,0.014676,1.07654
179968,703,15.3529,10000.0,0.099783,0.048849,1.092246,0.013789,0.707218
180224,704,15.6111,10000.0,-0.024167,0.001913,1.093133,0.095558,0.171165
180480,705,15.6111,10000.0,0.15135,0.065958,1.093489,0.015531,1.060814
180736,706,15.6111,10000.0,-0.106423,0.012029,1.094151,0.013047,0.766617
180992,707,15.6111,10000.0,-0.133074,0.015824,1.094831,0.014108,0.935087
181248,708,15.6111,10000.0,-0.123131,0.01438,1.095477,0.013252,0.870762
181504,709,15.6111,10000.0,-0.173293,0.033665,1.095948,0.014588,1.22627
181760,710,15.6111,10000.0,-0.136077,0.018756,1.09673,0.013368,0.964582
182016,711,15.6111,10000.0,-0.114348,0.013683,1.097405,0.01383,0.797812
182272,712,15.6111,10000.0,-0.102602,0.011168,1.097759,0.014847,0.718752
182528,713,15.6111,10000.0,-0.046151,0.004792,1.098046,0.014687,0.325397
182784,714,15.6111,10000.0,-0.002234,0.000978,1.098265,0.014058,0.022495
183040,715,15.6111,10000.0,0.061673,0.003598,1.098343,0.01368,0.438651
183296,716,15.6111,10000.0,0.100792,0.009177,1.098331,0.014379,0.714183
183552,717,15.6111,10000.0,0.015896,0.005478,1.098265,0.015643,0.1259
183808,718,15.6111,10000.0,0.175536,0.05082,1.098095,0.014553,1.228964
184064,719,15.6111,10000.0,0.040854,0.008055,1.097841,0.015652,0.301225
184320,720,15.6111,10000.0,0.221956,0.083085,1.097534,0.01459,1.585442
184576,721,15.6111,10000.0,0.166586,0.053949,1.09717,0.014511,1.166366
184832,722,15.6111,10000.0,0.160228,0.068073,1.096794,0.0135,1.141313
185088,723,15.6111,10000.0,-0.069116,0.006743,1.096739,0.016577,0.483779
185344,724,15.6111,10000.0,-0.044883,0.005612,1.09649,0.015063,0.312381
185600,725,15.6111,10000.0,0.06532,0.039663,1.096527,0.014075,0.45226
185856,726,15.6111,10000.0,-0.049446,0.002905,1.096317,0.015288,0.352385
186112,727,15.6111,10000.0,0.057836,0.035359,1.09652,0.015035,0.409986
186368,728,15.6111,10000.0,-0.127392,0.018533,1.096487,0.016171,0.890552
186624,729,15.6111,10000.0,0.026665,0.046301,1.096389,0.014421,0.186572
186880,730,15.6111,10000.0,0.012354,0.036102,1.096325,0.014568,0.09125
187136,731,15.6111,10000.0,-0.036793,0.031635,1.096406,0.015959,0.27813
187392,732,15.6111,10000.0,-0.063704,0.036055,1.096282,0.017459,0.452929
187648,733,15.6111,10000.0,-0.186161,0.034278,1.096184,0.014919,1.309859
187904,734,15.6111,10000.0,0.022402,0.040523,1.095878,0.01501,0.153759
188160,735,15.6111,10000.0,0.010261,0.026239,1.095761,0.015967,0.068866
188416,736,15.6111,10000.0,0.025363,0.037946,1.09546,0.013707,0.166501
188672,737,15.6111,10000.0,-0.086829,0.007962,1.095264,0.01441,0.606972
188928,738,15.6111,10000.0,-0.046137,0.002282,1.094885,0.01454,0.329385
189184,739,15.6111,10000.0,0.033776,0.039792,1.094762,0.013894,0.236225
189440,740,15.6111,10000.0,-0.062275,0.008597,1.094626,0.014383,0.442627
189696,741,15.6111,10000.0,0.066229,0.039958,1.094772,0.017338,0.458635
189952,742,15.6111,10000.0,0.000615,0.001259,1.094785,0.014655,0.013132
190208,743,15.6842,10000.0,0.040425,0.00149,1.094862,0.094763,0.283349
190464,744,15.6842,10000.0,0.106547,0.051972,1.095333,0.01467,0.746213
190720,745,15.6842,10000.0,-0.034612,0.004505,1.095487,0.016318,0.238387
190976,746,15.6842,10000.0,0.15706,0.057887,1.095631,0.015918,1.114193
191232,747,15.6842,10000.0,-0.044944,0.009234,1.095762,0.014875,0.30473
191488,748,15.6842,10000.0,-0.064532,0.007586,1.095887,0.014268,0.445161
191744,749,15.6842,10000.0,-0.036443,0.005279,1.095709,0.013698,0.257529
192000,750,15.6842,10000.0,0.074571,0.049062,1.095793,0.015093,0.521267
192256,751,15.6842,10000.0,0.002974,0.000779,1.095876,0.015357,0.027866
192512,752,15.6842,10000.0,-0.029228,0.004089,1.095907,0.015636,0.199004
192768,753,15.6842,10000.0,0.06756,0.037066,1.095807,0.015697,0.463589
193024,754,15.6842,10000.0,-0.028617,0.003635,1.096134,0.01346,0.196211
193280,755,15.6842,10000.0,0.148521,0.076638,1.09583,0.017039,1.010893
193536,756,15.6842,10000.0,-0.040664,0.002536,1.096208,0.013621,0.286938
193792,757,15.6842,10000.0,-0.024637,0.000799,1.096366,0.014079,0.17436
194048,758,15.6842,10000.0,0.088943,0.037368,1.096611,0.014762,0.60472
194304,759,15.6842,10000.0,0.032984,0.047046,1.096897,0.015308,0.236949
194560,760,15.6842,10000.0,-0.060167,0.004146,1.097251,0.014048,0.419443
194816,761,15.6842,10000.0,0.082078,0.045247,1.097522,0.014436,0.567304
195072,762,15.6842,10000.0,-0.114077,0.0134,1.097436,0.014338,0.796478
195328,763,15.6842,10000.0,-0.018396,0.04319,1.097379,0.014414,0.122078
195584,764,15.6842,10000.0,-0.042297,0.051712,1.097221,0.015936,0.303647
195840,765,15.6842,10000.0,0.001057,0.024912,1.097119,0.016561,0.031777
196096,766,15.6842,10000.0,-0.057584,0.003325,1.097261,0.014202,0.401449
196352,767,15.6842,10000.0,-0.098146,0.011416,1.097124,0.015229,0.674595
196608,768,15.6842,10000.0,0.187385,0.087713,1.09705,0.015474,1.282155
196864,769,15.6842,10000.0,0.038868,0.057781,1.096699,0.015521,0.274567
197120,770,15.6842,10000.0,0.239685,0.11015,1.096656,0.015638,1.673936
197376,771,15.6842,10000.0,-0.071067,0.008406,1.096726,0.014454,0.481728
197632,772,15.6842,10000.0,0.00723,0.042279,1.096367,0.018236,0.054058
197888,773,15.6842,10000.0,-0.043906,0.004075,1.096018,0.015069,0.304119
198144,774,15.6842,10000.0,-0.019892,0.001387,1.095849,0.014391,0.139201
198400,775,15.6842,10000.0,0.004446,0.000915,1.095993,0.0139,0.035877
198656,776,15.6842,10000.0,-0.042688,0.003055,1.09562,0.015145,0.2916
198912,777,15.6842,10000.0,0.118801,0.055727,1.095532,0.013991,0.818799
199168,778,15.6842,10000.0,0.008695,0.002298,1.095158,0.014327,0.065993
199424,779,15.6842,10000.0,0.099506,0.053196,1.095,0.016224,0.700062
199680,780,15.6842,10000.0,0.095924,0.039633,1.094979,0.01573,0.663812
199936,781,15.6842,10000.0,0.029003,0.051901,1.094398,0.014941,0.216956
200192,782,16.0,10000.0,0.172071,0.086148,1.094036,0.085734,1.193842
