steps,rollout,mean_return,mean_episode_length,policy_loss,value_loss,entropy,sr_loss,reward_pred_loss,memory_loss,grad_norm
256,1,0.0,0.0,0.075599,3.053261,1.098519,0.030042,0.064453,0.692877,0.440917
512,2,0.0,0.0,0.066552,2.127804,1.098476,0.030078,0.057611,0.694847,0.366263
768,3,18.5,550.0,0.087476,1.952987,1.0984,0.030079,0.064482,0.691594,0.480521
1024,4,18.5,550.0,0.099448,2.199015,1.098308,0.030117,0.070341,0.693323,0.532334
1280,5,23.5,550.0,0.159534,2.810863,1.098195,0.030079,0.072317,0.693159,0.645673
1536,6,23.5,550.0,0.10429,2.183826,1.098043,0.030119,0.061565,0.691867,0.47865
1792,7,23.8333,550.0,0.244464,5.037884,1.097872,0.030254,0.0852,0.692028,1.082046
2048,8,23.8333,550.0,0.085577,3.216067,1.097658,0.030258,0.069446,0.69155,0.672206
2304,9,24.0,550.0,0.074283,1.416293,1.097425,0.030298,0.060611,0.691112,0.393194
2560,10,24.0,550.0,0.247141,5.746076,1.097136,0.030454,0.081334,0.691193,1.354079
2816,11,25.3,550.0,0.067848,1.53046,1.096825,0.030557,0.061557,0.691074,0.54413
3072,12,25.3,550.0,0.094577,2.115273,1.096435,0.030674,0.065555,0.690631,0.726368
3328,13,24.5,550.0,0.115954,2.666118,1.096004,0.030747,0.064678,0.689644,0.983097
3584,14,24.5,550.0,0.018155,0.975845,1.095462,0.030956,0.053757,0.689641,0.52817
3840,15,24.5,550.0,0.040446,2.286648,1.094908,0.03116,0.058541,0.691133,0.659642
4096,16,22.7857,550.0,0.149412,4.665498,1.094259,0.031239,0.076592,0.689087,1.757804
4352,17,22.7857,550.0,0.045482,1.207665,1.093406,0.031451,0.053649,0.689781,0.476386
4608,18,23.0,550.0,0.183689,1.853217,1.092474,0.031742,0.069793,0.688578,1.357031
4864,19,23.0,550.0,0.111747,2.78501,1.091237,0.03189,0.069601,0.689335,1.680304
5120,20,23.3889,550.0,0.074529,3.361564,1.089831,0.032146,0.064837,0.687283,1.453336
5376,21,23.3889,550.0,-0.084173,0.517502,1.087857,0.032332,0.041925,0.686988,0.321077
5632,22,22.1,550.0,0.062868,4.176725,1.086737,0.032708,0.073759,0.688015,2.542669
5888,23,22.1,550.0,0.180043,4.118216,1.084872,0.032722,0.077938,0.687093,3.290286
6144,24,22.5,550.0,0.112935,1.980071,1.08299,0.033141,0.068637,0.691118,1.851322
6400,25,22.5,550.0,0.109064,3.845046,1.079822,0.033258,0.073729,0.688782,3.412179
6656,26,23.5,550.0,0.094511,3.103939,1.076604,0.033772,0.077885,0.686252,3.348089
6912,27,23.5,550.0,0.175783,3.735919,1.071314,0.033755,0.074033,0.68745,4.718996
7168,28,23.8846,550.0,0.168017,2.38056,1.06559,0.034674,0.072889,0.684734,3.843465
7424,29,23.8846,550.0,0.137518,2.225552,1.056033,0.034577,0.071043,0.685194,4.374971
7680,30,23.8846,550.0,0.119925,3.53312,1.044503,0.03498,0.073789,0.695975,6.206438
7936,31,24.2143,550.0,0.057374,0.851335,1.031641,0.036545,0.060653,0.686554,2.128529
8192,32,24.2143,550.0,0.120866,3.117984,1.01078,0.035997,0.07396,0.702815,5.797573
8448,33,24.6333,550.0,0.161834,2.869652,0.993688,0.038955,0.086183,0.687908,7.913998
8704,34,24.6333,550.0,0.073316,2.054739,0.967787,0.037041,0.070045,0.692263,5.45667
8960,35,24.875,550.0,0.028229,1.213469,0.951892,0.041402,0.056863,0.68021,1.387663
9216,36,24.875,550.0,0.076958,1.87046,0.927364,0.038343,0.065804,0.697335,2.124932
9472,37,24.6176,550.0,0.107772,1.562048,0.916271,0.044677,0.078157,0.697902,8.276572
9728,38,24.6176,550.0,0.062127,1.353235,0.895133,0.03961,0.061681,0.71059,3.759649
9984,39,24.8333,550.0,0.097476,3.156416,0.887731,0.047883,0.081367,0.69131,9.332869
10240,40,24.8333,550.0,0.060961,2.482599,0.869698,0.040803,0.071346,0.687685,8.080218
10496,41,25.2368,550.0,0.128679,1.328068,0.865586,0.051219,0.085476,0.692699,8.744662
10752,42,25.2368,550.0,0.013496,1.503469,0.850316,0.041936,0.053785,0.692444,9.953545
11008,43,24.8,550.0,0.042422,0.945531,0.848632,0.054972,0.062024,0.692113,5.799227
11264,44,24.8,550.0,0.095261,1.058672,0.838432,0.04264,0.070252,0.69262,0.478539
11520,45,24.8,550.0,0.047529,1.32867,0.834554,0.042933,0.05812,0.691189,6.905355
11776,46,24.5952,550.0,0.138991,2.024651,0.837794,0.056748,0.085616,0.693985,12.938747
12032,47,24.5952,550.0,0.106792,1.037,0.82942,0.043538,0.070318,0.69176,0.95482
12288,48,24.9545,550.0,0.04609,1.275814,0.832466,0.058601,0.070056,0.694466,6.521852
12544,49,24.9545,550.0,0.16621,1.446224,0.824811,0.043794,0.08238,0.710072,10.956948
12800,50,25.5435,550.0,0.064125,2.019261,0.827493,0.059029,0.073326,0.680569,2.818282
13056,51,25.5435,550.0,0.077137,1.175394,0.819932,0.043922,0.071244,0.696721,3.675906
13312,52,25.5,550.0,0.059171,0.912829,0.822754,0.058889,0.073133,0.697489,6.019452
13568,53,25.5,550.0,0.0292,2.167569,0.815313,0.04373,0.057857,0.679914,9.404264
13824,54,25.54,550.0,0.164997,1.124564,0.818862,0.058993,0.085511,0.695386,6.699774
14080,55,25.54,550.0,0.052045,1.607215,0.81162,0.043893,0.062708,0.699255,9.275476
14336,56,25.4231,550.0,0.059742,1.651428,0.815215,0.059672,0.068998,0.699616,1.692265
14592,57,25.4231,550.0,0.097479,1.072292,0.808636,0.043607,0.070301,0.67113,1.400959
14848,58,25.4231,550.0,0.036602,1.674971,0.806475,0.043635,0.057852,0.669501,10.152005
15104,59,25.2407,550.0,0.054899,1.121546,0.809841,0.058522,0.061615,0.709819,7.202941
15360,60,25.2407,550.0,0.103952,0.773941,0.80309,0.043506,0.065545,0.711036,0.56813
15616,61,24.9286,550.0,0.01027,2.114625,0.807641,0.057689,0.060697,0.704639,6.170204
15872,62,24.9286,550.0,0.064537,1.818993,0.802113,0.043067,0.058713,0.672044,14.271729
16128,63,24.7759,550.0,0.067436,0.927683,0.807185,0.056607,0.068665,0.703356,2.02907
16384,64,24.7759,550.0,0.116949,1.298,0.802171,0.042609,0.073658,0.691591,5.908736
16640,65,25.0333,550.0,0.208786,1.767799,0.807007,0.055542,0.088877,0.701016,14.441332
16896,66,25.0333,550.0,0.093413,0.659858,0.801385,0.04235,0.07059,0.691579,3.464616
17152,67,25.2742,550.0,0.054181,1.884311,0.805601,0.055701,0.072313,0.697103,0.489501
17408,68,25.2742,550.0,-0.010737,1.232687,0.79972,0.042101,0.049606,0.692393,11.722386
17664,69,25.0625,550.0,0.104866,0.904796,0.804039,0.054922,0.076801,0.697792,4.568231
17920,70,25.0625,550.0,0.058476,1.525747,0.797984,0.041944,0.070205,0.684243,0.42697
18176,71,25.1667,550.0,0.091144,0.715997,0.801395,0.053791,0.068441,0.694194,1.644529
18432,72,25.1667,550.0,0.163334,0.821904,0.794236,0.041514,0.073136,0.685173,6.790433
18688,73,25.1667,550.0,0.075339,1.101051,0.791713,0.041443,0.066502,0.692861,0.890117
18944,74,25.2647,550.0,0.063286,1.52685,0.794109,0.054052,0.076268,0.713602,1.082393
19200,75,25.2647,550.0,0.050552,2.140661,0.78634,0.041308,0.064942,0.631269,1.18644
19456,76,25.2429,550.0,0.076533,1.788753,0.78829,0.054283,0.075906,0.664146,3.77106
19712,77,25.2429,550.0,0.014126,1.385867,0.779691,0.041076,0.06177,0.644347,1.054318
19968,78,25.1667,550.0,0.005494,1.579233,0.781549,0.054362,0.051697,0.610371,9.960769
20224,79,25.1667,550.0,0.047118,0.901369,0.773402,0.04059,0.05745,0.718296,8.409511
20480,80,24.7162,550.0,-0.000692,2.683201,0.776128,0.053992,0.051581,0.583255,11.724226
20736,81,24.7162,550.0,0.108679,1.396304,0.76884,0.040356,0.077758,0.697808,6.969187
20992,82,24.9737,550.0,0.089352,1.156605,0.771996,0.052631,0.071737,0.69751,3.51097
21248,83,24.9737,550.0,0.077555,0.490184,0.764655,0.040091,0.060965,0.689771,1.570192
21504,84,24.7564,550.0,0.071179,0.818841,0.768455,0.052471,0.060943,0.677454,7.681412
21760,85,24.7564,550.0,0.08781,1.199523,0.762124,0.039811,0.06871,0.682061,3.02953
22016,86,24.65,550.0,0.027675,1.194049,0.766112,0.051856,0.059679,0.701988,4.646251
22272,87,24.65,550.0,0.153009,1.057273,0.759898,0.039391,0.073228,0.807581,5.96531
22528,88,24.65,550.0,0.092865,2.509394,0.759695,0.039423,0.081157,0.669383,16.542099
22784,89,24.939,550.0,0.170707,1.526848,0.764569,0.051456,0.08333,0.716035,12.037947
23040,90,24.939,550.0,-0.039269,1.648876,0.758691,0.039185,0.045396,0.739377,13.9711
23296,91,24.7381,550.0,-0.012376,1.253582,0.763713,0.05199,0.052061,0.703004,9.376659
23552,92,24.7381,550.0,0.115277,0.700897,0.758501,0.039046,0.073837,0.749682,3.176185
23808,93,24.7326,550.0,0.064591,0.633509,0.764286,0.051137,0.063809,0.750169,4.084345
24064,94,24.7326,550.0,0.044329,1.322556,0.760034,0.039049,0.060435,0.601674,2.554329
24320,95,24.5909,550.0,0.055669,1.571226,0.765954,0.051385,0.072522,0.701199,4.950054
24576,96,24.5909,550.0,0.047187,1.197335,0.761241,0.038824,0.068229,0.618619,2.384192
24832,97,24.7667,550.0,0.100703,1.436357,0.76659,0.050899,0.075408,0.72262,6.807664
25088,98,24.7667,550.0,0.050063,1.488914,0.761401,0.038545,0.060735,0.690072,3.948086
25344,99,24.7174,550.0,0.020877,1.39381,0.766864,0.050627,0.068443,0.699541,4.37937
25600,100,24.7174,550.0,0.048322,1.12253,0.761762,0.038353,0.060714,0.700709,4.22943
25856,101,24.6277,550.0,0.048032,1.396202,0.766868,0.050376,0.064578,0.65512,2.2211
26112,102,24.6277,550.0,0.069063,0.856412,0.76266,0.038186,0.063704,0.688577,1.220368
26368,103,24.6277,550.0,0.040193,3.399933,0.76261,0.038051,0.069254,0.660638,1.905789
26624,104,24.5833,550.0,0.098763,1.386768,0.767474,0.049226,0.071479,0.756995,6.59775
26880,105,24.5833,550.0,0.108995,1.000301,0.762179,0.037747,0.068455,0.705963,4.302972
27136,106,24.6224,550.0,0.030583,1.245777,0.766988,0.049885,0.056859,0.73335,7.831078
27392,107,24.6224,550.0,0.100311,2.071545,0.761981,0.037667,0.07582,0.66131,9.441432
27648,108,24.7,550.0,0.109375,0.974655,0.766756,0.04936,0.071454,0.71195,5.742256
27904,109,24.7,550.0,0.127605,1.765337,0.761341,0.037571,0.075943,0.685226,7.737285
28160,110,24.9314,550.0,0.066107,1.96194,0.765872,0.050229,0.068119,0.675273,1.218137
28416,111,24.9314,550.0,0.011484,1.468695,0.760464,0.037623,0.052414,0.6162,10.868259
28672,112,24.6923,550.0,0.0918,2.30287,0.76534,0.050153,0.079081,0.724259,9.633337
28928,113,24.6923,550.0,0.071761,1.486469,0.759999,0.037369,0.06405,0.668806,2.720178
29184,114,24.8774,550.0,0.071865,1.305071,0.764839,0.050265,0.079764,0.683809,4.222508
29440,115,24.8774,550.0,0.021112,1.495434,0.759332,0.037036,0.053008,0.713327,8.334402
29696,116,24.8774,550.0,0.09558,0.727761,0.759157,0.036986,0.064266,0.712439,1.528674
29952,117,24.7593,550.0,0.059247,1.273961,0.764701,0.050218,0.071688,0.632175,2.209361
30208,118,24.7593,550.0,0.200441,2.645136,0.759345,0.036822,0.086998,0.690558,18.733676
30464,119,25.0091,550.0,0.112591,2.133802,0.763827,0.049911,0.07859,0.689318,11.235486
30720,120,25.0091,550.0,-0.008347,2.535583,0.758078,0.036747,0.04926,0.696152,16.113132
30976,121,24.9286,550.0,0.079743,0.947091,0.762703,0.050076,0.07547,0.675613,5.023195
31232,122,24.9286,550.0,0.122731,0.857219,0.757048,0.036618,0.068125,0.714121,4.228199
31488,123,25.0614,550.0,0.104377,1.375354,0.761431,0.050313,0.074835,0.688726,6.504653
31744,124,25.0614,550.0,0.154515,0.993027,0.755611,0.036616,0.075627,0.707245,5.66174
32000,125,25.1897,550.0,0.051206,1.489689,0.759822,0.050835,0.068044,0.718572,3.333786
32256,126,25.1897,550.0,0.041557,1.981624,0.754478,0.036456,0.060649,0.728297,6.208083
32512,127,25.1441,550.0,0.090918,0.881314,0.759415,0.050697,0.070533,0.687705,0.221123
32768,128,25.1441,550.0,0.142949,0.552805,0.754552,0.036676,0.068558,0.663093,0.560179
33024,129,25.1333,550.0,0.005899,1.969951,0.757098,0.050782,0.062665,0.662342,11.345701
33280,130,25.1333,550.0,0.008685,1.792325,0.749973,0.036364,0.052376,0.651358,14.39285
33536,131,25.1333,550.0,0.10054,1.43347,0.748031,0.036282,0.071372,0.661156,6.741801
33792,132,25.0574,550.0,0.031323,1.576238,0.750816,0.05014,0.064203,0.733501,8.22718
34048,133,25.0574,550.0,0.00578,1.960441,0.744032,0.035993,0.048822,0.688391,13.707745
34304,134,24.8871,550.0,0.06583,1.569412,0.747547,0.050073,0.067052,0.734459,1.557953
34560,135,24.8871,550.0,0.118627,1.995192,0.741795,0.035813,0.078919,0.682162,13.701176
34816,136,24.9762,550.0,0.025811,1.275473,0.746007,0.050006,0.060017,0.671783,8.29735
35072,137,24.9762,550.0,0.102679,1.452459,0.740388,0.035531,0.071031,0.682145,5.671552
35328,138,24.9688,550.0,0.079633,0.774963,0.74471,0.049208,0.066774,0.70628,1.740796
35584,139,24.9688,550.0,0.129159,0.86756,0.739568,0.035488,0.072301,0.682299,1.265882
35840,140,24.9615,550.0,0.026722,1.360754,0.744309,0.049918,0.054992,0.640777,7.281515
36096,141,24.9615,550.0,0.076952,2.018222,0.739066,0.035115,0.067679,0.706619,4.345237
36352,142,24.7727,550.0,-0.048876,3.622347,0.74398,0.050041,0.043491,0.629924,21.958869
36608,143,24.7727,550.0,0.013485,2.989302,0.739209,0.035326,0.049326,0.630825,19.28291
36864,144,24.5896,550.0,0.027596,2.492656,0.744516,0.049532,0.062931,0.711422,6.257043
37120,145,24.5896,550.0,0.1077,1.600745,0.74017,0.03483,0.07137,0.696531,8.000396
37376,146,24.5896,550.0,0.120149,0.881346,0.740601,0.034816,0.067479,0.696038,1.851856
37632,147,24.6471,550.0,0.163716,1.823971,0.746574,0.048806,0.081947,0.676855,13.58644
37888,148,24.6471,550.0,0.025001,1.957182,0.742347,0.034782,0.055528,0.654135,7.875781
38144,149,24.7609,550.0,0.063411,1.307469,0.747885,0.048915,0.06643,0.673991,3.808802
38400,150,24.7609,550.0,0.079306,1.179976,0.743634,0.034463,0.068499,0.69991,1.392743
38656,151,24.7,550.0,-0.041098,3.688441,0.749333,0.048338,0.04461,0.704237,20.6288
38912,152,24.7,550.0,0.037636,1.010366,0.745384,0.034282,0.056297,0.678495,7.495756
39168,153,24.4155,550.0,-0.009332,1.395573,0.751103,0.048009,0.055023,0.680685,9.332079
39424,154,24.4155,550.0,0.140794,1.613995,0.747284,0.03405,0.07949,0.687897,11.191991
39680,155,24.4167,550.0,0.001215,2.050646,0.752763,0.046997,0.05542,0.691786,10.674572
39936,156,24.4167,550.0,0.114278,2.00855,0.74878,0.033884,0.074576,0.683683,9.836419
40192,157,24.5274,550.0,0.07895,0.858729,0.753989,0.046593,0.070012,0.689297,5.262718
40448,158,24.5274,550.0,0.138071,2.509208,0.749496,0.033794,0.082962,0.685748,15.365049
40704,159,24.6081,550.0,0.041232,1.116592,0.75354,0.04632,0.059767,0.681738,3.822099
40960,160,24.6081,550.0,0.11209,2.096582,0.750367,0.034125,0.073827,0.694255,10.744333
41216,161,24.6081,550.0,0.106842,0.669137,0.749646,0.033758,0.064496,0.680202,0.588324
41472,162,24.6867,550.0,0.076429,1.467952,0.754026,0.046422,0.077036,0.678457,4.533277
41728,163,24.6867,550.0,0.081894,0.8761,0.748653,0.033575,0.063466,0.671561,1.530365
41984,164,24.7368,550.0,0.093867,0.926814,0.752207,0.046811,0.069952,0.683563,4.482816
42240,165,24.7368,550.0,0.119985,1.424325,0.746089,0.033394,0.075618,0.701988,8.341294
42496,166,24.8117,550.0,0.086506,0.590578,0.749572,0.046902,0.06594,0.662739,0.534788
42752,167,24.8117,550.0,0.058721,1.539654,0.742517,0.033517,0.062949,0.658328,0.514044
43008,168,24.8077,550.0,0.085176,0.586163,0.743823,0.047673,0.066422,0.697748,0.764595
43264,169,24.8077,550.0,0.098312,1.08626,0.735939,0.033389,0.067831,0.67272,3.075169
43520,170,24.8797,550.0,0.107367,1.301432,0.737462,0.047595,0.076812,0.71845,5.168573
43776,171,24.8797,550.0,0.007821,1.974138,0.729789,0.033355,0.05199,0.612357,14.653846
44032,172,24.825,550.0,0.071107,1.056356,0.731963,0.048158,0.066805,0.706446,1.107334
44288,173,24.825,550.0,0.02421,1.631906,0.726055,0.033176,0.059317,0.620408,9.751005
44544,174,24.825,550.0,0.005479,2.243324,0.725076,0.032933,0.052285,0.661413,14.890314
44800,175,24.6975,550.0,0.045312,1.14708,0.729168,0.047948,0.062205,0.727414,5.029198
45056,176,24.6975,550.0,0.014018,1.586456,0.724199,0.032724,0.057014,0.661543,8.107439
45312,177,24.5976,550.0,-0.006064,1.76786,0.729032,0.047926,0.054945,0.642928,14.144444
45568,178,24.5976,550.0,0.099773,1.022326,0.724373,0.032331,0.066791,0.717874,2.249017
45824,179,24.5482,550.0,0.105033,1.264586,0.729772,0.047323,0.076152,0.688721,9.278029
46080,180,24.5482,550.0,0.083801,1.119527,0.725516,0.032303,0.067434,0.655316,2.276957
46336,181,24.5952,550.0,0.019519,1.123647,0.730172,0.046839,0.058373,0.65043,9.020302
46592,182,24.5952,550.0,0.076138,1.447565,0.725559,0.032171,0.066188,0.625812,0.997671
46848,183,24.5941,550.0,0.057831,0.844516,0.72906,0.046963,0.067016,0.726981,0.550205
47104,184,24.5941,550.0,0.150548,1.218382,0.725058,0.03202,0.076988,0.670709,10.348526
47360,185,24.6628,550.0,0.053231,0.874629,0.729953,0.04662,0.062289,0.737991,5.158773
47616,186,24.6628,550.0,0.030145,0.850385,0.726046,0.031955,0.056047,0.675327,6.440764
47872,187,24.6149,550.0,0.077153,1.68555,0.731422,0.046701,0.066239,0.665103,5.883318
48128,188,24.6149,550.0,0.067,1.519547,0.727835,0.031895,0.066266,0.667173,1.043643
48384,189,24.6149,550.0,0.036564,0.819036,0.728362,0.031886,0.055691,0.629342,6.594005
48640,190,24.5682,550.0,0.017008,1.725725,0.733348,0.046379,0.05465,0.648527,10.20145
48896,191,24.5682,550.0,0.104434,1.550821,0.729448,0.031563,0.071099,0.718775,6.909347
49152,192,24.5674,550.0,0.07479,1.168268,0.734679,0.04593,0.068685,0.649113,2.693834
49408,193,24.5674,550.0,0.083212,1.463026,0.730445,0.031497,0.066429,0.684204,2.048993
49664,194,24.6333,550.0,0.101896,1.840329,0.734976,0.046134,0.073712,0.689684,5.746534
49920,195,24.6333,550.0,0.10996,3.300844,0.730734,0.031473,0.080392,0.665236,16.236151
50176,196,24.6758,550.0,0.002655,1.132109,0.734928,0.046399,0.054909,0.66267,10.159758
50432,197,24.6758,550.0,0.135353,2.412677,0.730563,0.031457,0.076322,0.658485,15.465414
50688,198,24.7609,550.0,0.053596,1.373474,0.734585,0.046539,0.070242,0.695136,4.244721
50944,199,24.7609,550.0,-0.005035,3.101509,0.730121,0.031461,0.048377,0.6454,15.249075
51200,200,24.672,550.0,0.05826,1.226867,0.734191,0.046672,0.065387,0.672767,3.981107
51456,201,24.672,550.0,0.039069,1.213024,0.730071,0.031387,0.055289,0.65081,8.03172
51712,202,24.6489,550.0,0.087053,1.076219,0.734519,0.046858,0.073596,0.677431,4.132674
51968,203,24.6489,550.0,-0.014382,2.939218,0.730419,0.031238,0.045138,0.651277,15.928424
52224,204,24.6489,550.0,0.0075,1.730038,0.730437,0.03099,0.052616,0.691971,12.588821
52480,205,24.5,550.0,0.051028,1.802372,0.735195,0.046637,0.058945,0.654769,11.414901
52736,206,24.5,550.0,0.048971,1.957196,0.73137,0.031003,0.069719,0.67924,0.473745
52992,207,24.4583,550.0,0.074883,0.79745,0.736569,0.046299,0.065313,0.654941,1.519749
53248,208,24.4583,550.0,0.001802,1.147454,0.732674,0.031043,0.052008,0.650184,8.985618
53504,209,24.3351,550.0,-0.012905,1.35055,0.7373,0.04583,0.055967,0.668468,7.594368
53760,210,24.3351,550.0,0.12478,1.352812,0.733742,0.030788,0.069449,0.669345,9.17008
54016,211,24.3163,550.0,0.022171,1.190335,0.738257,0.045089,0.058534,0.675858,4.76812
54272,212,24.3163,550.0,0.126491,1.454329,0.734594,0.030666,0.073136,0.672756,10.635538
54528,213,24.3788,550.0,0.067199,0.998728,0.739041,0.044974,0.066478,0.679338,1.415696
54784,214,24.3788,550.0,0.086736,1.123774,0.735009,0.030627,0.065845,0.647106,3.820607
55040,215,24.48,550.0,0.136526,2.541927,0.738597,0.045042,0.078962,0.665136,16.605215
55296,216,24.48,550.0,0.069377,1.126021,0.733944,0.030696,0.063441,0.641232,1.918434
55552,217,24.54,550.0,0.082772,1.324843,0.735582,0.043453,0.06601,0.659899,4.163701
55808,218,24.54,550.0,0.162484,1.52037,0.733836,0.032076,0.075403,0.666636,12.267096
56064,219,24.54,550.0,0.200676,1.443219,0.73118,0.030485,0.07637,0.651795,12.971854
56320,220,24.64,550.0,0.074668,0.564335,0.7342,0.045672,0.066005,0.653248,0.284916
56576,221,24.64,550.0,0.181603,0.607962,0.728508,0.030336,0.069637,0.670219,7.055121
56832,222,24.68,550.0,0.033385,1.222513,0.731238,0.045868,0.058562,0.690829,6.312805
57088,223,24.68,550.0,0.080894,1.491879,0.7261,0.030323,0.065933,0.666501,0.805699
57344,224,24.66,550.0,0.108715,1.315197,0.729546,0.046533,0.076263,0.654968,8.246229
57600,225,24.66,550.0,0.121625,0.581231,0.724263,0.029958,0.066236,0.690135,0.890322
57856,226,24.62,550.0,0.00468,1.476315,0.7299,0.046685,0.054707,0.665154,13.465594
58112,227,24.62,550.0,0.234463,2.479191,0.726831,0.029832,0.083595,0.669882,22.409322
58368,228,24.78,550.0,0.084204,0.804302,0.731604,0.047034,0.072257,0.681717,0.727086
58624,229,24.78,550.0,0.081736,1.33176,0.728422,0.029625,0.065454,0.672856,2.501035
58880,230,24.96,550.0,0.076121,1.335263,0.732605,0.047706,0.068182,0.674587,1.220666
59136,231,24.96,550.0,0.117866,2.268986,0.728463,0.029532,0.080028,0.671112,18.355481
59392,232,24.96,550.0,0.043378,1.408126,0.72839,0.029692,0.0589,0.66808,9.471021
59648,233,25.0,550.0,0.093585,1.633134,0.732154,0.048731,0.071346,0.663472,9.293309
59904,234,25.0,550.0,0.078119,1.757332,0.727782,0.029594,0.068855,0.658119,2.926406
60160,235,25.06,550.0,0.065478,1.195698,0.731116,0.049127,0.066531,0.654084,4.509808
60416,236,25.06,550.0,0.11488,0.649907,0.727217,0.029611,0.065654,0.653407,1.507671
60672,237,25.2,550.0,0.051521,1.566767,0.730564,0.049489,0.068287,0.651507,1.679108
60928,238,25.2,550.0,0.031868,2.112063,0.726597,0.029798,0.05995,0.650843,10.54504
61184,239,25.18,550.0,0.078144,0.870143,0.73023,0.049944,0.064279,0.654606,4.56625
61440,240,25.18,550.0,0.040365,1.88412,0.726331,0.029834,0.058426,0.655645,8.358022
61696,241,25.1,550.0,0.120376,0.747058,0.729443,0.049311,0.071425,0.645391,2.384489
61952,242,25.1,550.0,0.153278,1.107654,0.725345,0.029422,0.076356,0.644426,5.223718
62208,243,25.08,550.0,0.008267,1.590845,0.728542,0.048939,0.055307,0.632894,15.059673
62464,244,25.08,550.0,0.117881,1.357709,0.724038,0.029134,0.07259,0.628259,7.294099
62720,245,25.12,550.0,0.049294,1.449418,0.72733,0.04871,0.068195,0.62898,1.654114
62976,246,25.12,550.0,0.085223,0.92951,0.722267,0.029249,0.070499,0.626333,0.699393
63232,247,25.12,550.0,0.030189,2.268289,0.71987,0.029059,0.0595,0.614916,10.829438
63488,248,25.04,550.0,0.04116,0.87435,0.721975,0.048763,0.061122,0.652896,2.640075
63744,249,25.04,550.0,0.125545,1.884494,0.716393,0.02942,0.075771,0.690079,12.888766
64000,250,25.08,550.0,0.064484,1.358845,0.718696,0.048146,0.071119,0.65296,1.206907
64256,251,25.08,550.0,-0.063842,3.898721,0.713098,0.028359,0.04089,0.525598,28.9954
64512,252,25.02,550.0,0.081464,0.79857,0.718467,0.048237,0.064627,0.677924,5.844851
64768,253,25.02,550.0,0.041561,1.227194,0.714401,0.029035,0.06332,0.630705,1.951513
65024,254,24.9,550.0,-0.008953,1.965064,0.718878,0.047201,0.052089,0.588546,15.285617
65280,255,24.9,550.0,0.069028,1.23199,0.716701,0.029293,0.062025,0.668973,3.536851
65536,256,24.74,550.0,0.003989,2.555685,0.720893,0.046379,0.051805,0.578204,16.200432
65792,257,24.74,550.0,0.134093,1.466543,0.718634,0.028921,0.070486,0.606527,10.709943
66048,258,24.84,550.0,0.077697,1.610412,0.723896,0.046048,0.071459,0.61388,5.484343
66304,259,24.84,550.0,0.05252,1.67224,0.72047,0.028819,0.062387,0.598678,0.686449
66560,260,24.98,550.0,0.149308,1.284219,0.723684,0.046011,0.075546,0.63705,10.879346
66816,261,24.98,550.0,0.087454,1.576415,0.718808,0.029017,0.068823,0.638132,6.25572
67072,262,24.98,550.0,0.015899,0.852071,0.717348,0.028666,0.052557,0.60204,8.37405
67328,263,24.84,550.0,0.054596,1.070712,0.720442,0.045693,0.065319,0.595327,3.123845
67584,264,24.84,550.0,0.164639,1.992597,0.716336,0.028811,0.079721,0.642579,15.898722
67840,265,24.8,550.0,0.004485,1.441663,0.719478,0.045724,0.054829,0.61867,10.214241
68096,266,24.8,550.0,0.093704,0.961033,0.714851,0.028468,0.065868,0.587509,3.960492
68352,267,24.76,550.0,0.02644,1.572048,0.719255,0.046163,0.057682,0.678363,8.071715
68608,268,24.76,550.0,0.055678,0.95331,0.713824,0.028429,0.063652,0.559713,1.5556
68864,269,24.72,550.0,0.171954,1.477617,0.717576,0.045923,0.077792,0.643636,13.935186
69120,270,24.72,550.0,0.049384,1.218671,0.712681,0.028604,0.058993,0.607949,5.708379
69376,271,24.72,550.0,0.028155,1.93285,0.71721,0.046741,0.064984,0.697352,2.438656
69632,272,24.72,550.0,0.076803,1.964705,0.712408,0.028512,0.068897,0.582058,7.514496
69888,273,24.88,550.0,0.151353,1.280735,0.717137,0.045896,0.07427,0.619004,12.071246
70144,274,24.88,550.0,0.144375,3.002415,0.713168,0.028504,0.078852,0.596027,19.278036
70400,275,25.02,550.0,0.006381,1.130641,0.71265,0.042581,0.05768,0.564548,9.443758
70656,276,25.02,550.0,0.101582,2.129904,0.717459,0.031792,0.074501,0.606451,12.434952
70912,277,25.02,550.0,0.035134,0.879168,0.714033,0.028607,0.055512,0.632106,6.065986
71168,278,25.06,550.0,0.01206,1.339139,0.717445,0.046141,0.057699,0.616688,6.251435
71424,279,25.06,550.0,0.095115,3.308679,0.713122,0.028372,0.080111,0.602722,17.102803
71680,280,25.06,550.0,0.000123,1.190645,0.71687,0.04599,0.054803,0.603864,11.950946
71936,281,25.06,550.0,0.082941,2.355795,0.713047,0.028485,0.068898,0.615608,10.652379
72192,282,24.98,550.0,0.080049,0.911825,0.716233,0.046162,0.068956,0.602397,1.273117
72448,283,24.98,550.0,0.12944,1.326337,0.710719,0.028269,0.069326,0.575898,10.939098
72704,284,25.1,550.0,0.14101,1.017816,0.714277,0.046356,0.074027,0.611991,8.432526
72960,285,25.1,550.0,0.000929,2.078405,0.708168,0.028086,0.05299,0.53689,10.885711
73216,286,25.06,550.0,0.108045,1.634928,0.712391,0.046845,0.078665,0.618182,14.740558
73472,287,25.06,550.0,0.018909,1.242031,0.70813,0.028669,0.052142,0.617959,10.25942
73728,288,24.92,550.0,-0.006298,2.542947,0.71112,0.046491,0.055319,0.553278,15.555955
73984,289,24.92,550.0,0.006718,1.231653,0.707532,0.028447,0.052424,0.602509,8.350234
74240,290,24.92,550.0,0.110155,2.019419,0.707878,0.028617,0.076408,0.639528,12.89648
74496,291,24.94,550.0,0.0542,1.722301,0.711774,0.046003,0.067867,0.578456,2.348311
74752,292,24.94,550.0,0.188961,2.700333,0.708145,0.028512,0.078367,0.62905,21.439048
75008,293,25.04,550.0,0.02783,2.714429,0.711942,0.046833,0.065576,0.592085,4.009298
75264,294,25.04,550.0,0.189766,2.287519,0.708493,0.02866,0.081955,0.624457,19.864979
75520,295,25.34,550.0,0.06793,1.099463,0.712043,0.046967,0.068316,0.547561,1.786354
75776,296,25.34,550.0,0.113234,1.240267,0.708444,0.028613,0.068397,0.583848,2.602124
76032,297,25.3,550.0,0.069768,0.785719,0.713229,0.048131,0.061847,0.648984,6.314589
76288,298,25.3,550.0,0.028177,1.191452,0.708948,0.028381,0.05595,0.552783,9.531901
76544,299,25.32,550.0,0.050119,0.979875,0.714001,0.048049,0.061236,0.604062,4.79215
76800,300,25.32,550.0,0.143872,1.010075,0.710897,0.028718,0.071643,0.591569,8.825972
77056,301,25.34,550.0,0.017832,2.518984,0.71497,0.047962,0.062525,0.575897,9.23656
77312,302,25.34,550.0,0.049179,1.138218,0.712253,0.028533,0.05897,0.584254,5.208994
77568,303,25.14,550.0,-0.026717,2.503729,0.716643,0.048054,0.051127,0.589174,19.670011
77824,304,25.14,550.0,0.120484,1.153169,0.713936,0.028988,0.068994,0.607885,4.726665
78080,305,25.14,550.0,0.060159,1.660318,0.713919,0.028319,0.069221,0.558832,2.145733
78336,306,25.26,550.0,0.041714,2.621057,0.717696,0.047753,0.064778,0.559423,3.804058
78592,307,25.26,550.0,0.092056,1.189355,0.714274,0.028865,0.065044,0.584984,0.681974
78848,308,25.26,550.0,-0.052486,1.815332,0.718664,0.048287,0.050237,0.526956,17.168112
79104,309,25.26,550.0,0.033256,1.118989,0.716604,0.028593,0.055644,0.551375,8.999619
79360,310,25.2,550.0,0.066494,0.831573,0.721475,0.048028,0.064419,0.583185,0.92391
79616,311,25.2,550.0,0.008264,1.909075,0.719151,0.028354,0.052822,0.528741,10.944235
79872,312,25.06,550.0,0.09932,1.658404,0.724487,0.048265,0.071765,0.56379,9.130619
80128,313,25.06,550.0,0.008099,1.49907,0.72191,0.028314,0.052623,0.534754,12.071812
80384,314,25.04,550.0,0.052941,1.093161,0.726504,0.04767,0.064563,0.542515,0.849703
80640,315,25.04,550.0,0.109349,0.697778,0.724103,0.028793,0.065919,0.560077,5.187628
80896,316,25.04,550.0,-0.008158,1.932277,0.728125,0.047428,0.054782,0.542828,14.38071
81152,317,25.04,550.0,0.025981,1.650018,0.725934,0.028984,0.054982,0.567361,6.955618
81408,318,25.1,550.0,0.097308,2.659808,0.729165,0.047254,0.074904,0.543876,10.034138
81664,319,25.1,550.0,0.042999,1.298415,0.726025,0.028315,0.059444,0.523478,7.045148
81920,320,25.1,550.0,0.047915,1.387246,0.726403,0.028299,0.059153,0.527186,1.567312
82176,321,25.0,550.0,0.02208,1.336495,0.72963,0.046775,0.058006,0.509485,4.99458
82432,322,25.0,550.0,0.091934,1.439549,0.727107,0.029163,0.068076,0.568143,9.771726
82688,323,24.94,550.0,-0.011381,1.841065,0.730289,0.047606,0.05214,0.544306,13.533525
82944,324,24.94,550.0,0.182565,1.065324,0.726878,0.028617,0.071705,0.555619,12.201115
83200,325,24.86,550.0,0.206289,2.342728,0.730371,0.046961,0.080183,0.578575,20.731308
83456,326,24.86,550.0,0.155483,1.270115,0.726888,0.028706,0.072622,0.557144,11.655911
83712,327,25.08,550.0,0.039612,1.633703,0.730058,0.046551,0.067991,0.527163,0.535
83968,328,25.08,550.0,0.036693,0.749866,0.72699,0.028655,0.055509,0.523305,7.471605
84224,329,24.94,550.0,0.01336,1.165259,0.730423,0.046917,0.054357,0.507673,9.618564
84480,330,24.94,550.0,0.071668,1.291606,0.727351,0.028482,0.066226,0.528283,3.913708
84736,331,25.06,550.0,0.134393,2.024232,0.730619,0.04705,0.077611,0.548539,16.126344
84992,332,25.06,550.0,0.077579,1.004444,0.727696,0.02837,0.061348,0.549459,5.409018
85248,333,25.06,550.0,0.086874,1.007674,0.727558,0.028476,0.064702,0.549684,5.580738
85504,334,24.92,550.0,0.0663,2.104414,0.730206,0.046992,0.068556,0.565092,5.468022
85760,335,24.92,550.0,0.052265,1.562507,0.725986,0.027769,0.062767,0.58058,1.74501
86016,336,24.96,550.0,0.066615,1.004395,0.72892,0.047727,0.063884,0.527828,5.336505
86272,337,24.96,550.0,0.0346,2.419253,0.724664,0.028905,0.065657,0.51936,7.623642
86528,338,24.92,550.0,0.011774,1.403075,0.727459,0.049533,0.056775,0.534282,9.949092
86784,339,24.92,550.0,0.122868,1.144482,0.722581,0.028452,0.06829,0.493618,9.749159
87040,340,24.8,550.0,0.002494,1.589565,0.724975,0.048223,0.058567,0.476836,9.924184
87296,341,24.8,550.0,0.030563,0.932314,0.721399,0.028635,0.056627,0.501754,9.860396
87552,342,24.74,550.0,0.056359,1.568639,0.724382,0.048777,0.067734,0.51039,0.957402
87808,343,24.74,550.0,0.046724,0.954397,0.720489,0.02833,0.059182,0.483835,3.473823
88064,344,24.76,550.0,0.065384,1.035194,0.723456,0.049001,0.067301,0.51096,1.599668
88320,345,24.76,550.0,0.10599,1.332258,0.720239,0.029721,0.065226,0.562947,5.605508
88576,346,24.88,550.0,0.089692,1.848384,0.723167,0.049746,0.072924,0.524843,7.57897
88832,347,24.88,550.0,0.130654,0.880121,0.71963,0.0288,0.068398,0.495421,7.074057
89088,348,24.88,550.0,0.081375,0.868179,0.71949,0.028847,0.065722,0.491556,4.626366
89344,349,25.04,550.0,-0.029637,2.425248,0.722394,0.049969,0.052511,0.479773,20.968095
89600,350,25.04,550.0,0.083106,0.66691,0.719462,0.028799,0.061409,0.493414,5.419563
89856,351,24.92,550.0,0.134564,1.221159,0.722715,0.050825,0.073075,0.495689,9.17785
90112,352,24.92,550.0,0.043278,1.53218,0.719727,0.028963,0.062904,0.49411,4.212309
90368,353,24.94,550.0,0.054348,1.224318,0.722708,0.05127,0.067403,0.49692,3.583083
90624,354,24.94,550.0,0.06008,1.143613,0.719878,0.02859,0.062177,0.492469,1.531708
90880,355,24.98,550.0,0.086587,1.165256,0.723084,0.050921,0.070004,0.486209,1.577736
91136,356,24.98,550.0,0.090182,0.947312,0.720142,0.028956,0.066035,0.477971,0.622185
91392,357,25.16,550.0,0.102002,0.71813,0.723528,0.051345,0.070575,0.464046,1.955807
91648,358,25.16,550.0,0.133455,2.371814,0.720732,0.028949,0.07727,0.47104,13.495322
91904,359,25.42,550.0,0.088495,0.944182,0.72419,0.052643,0.064476,0.503472,2.787496
92160,360,25.42,550.0,0.095961,0.859721,0.721434,0.029178,0.068054,0.47457,1.648121
92416,361,25.34,550.0,0.014897,1.580881,0.724988,0.052566,0.057326,0.487251,12.079011
92672,362,25.34,550.0,0.006128,2.793074,0.721893,0.028203,0.056902,0.424393,8.849396
92928,363,25.34,550.0,0.118582,1.375225,0.722342,0.029027,0.072308,0.448199,3.405628
93184,364,25.24,550.0,0.08097,1.153198,0.725461,0.051848,0.067753,0.440923,3.2471
93440,365,25.24,550.0,0.112583,1.546988,0.722416,0.029072,0.071015,0.443825,8.820003
93696,366,25.38,550.0,0.029894,1.261044,0.725459,0.052378,0.056962,0.44763,8.861056
93952,367,25.38,550.0,0.023245,2.685393,0.722205,0.029178,0.059845,0.430154,10.114501
94208,368,25.52,550.0,0.040038,1.229815,0.725323,0.052035,0.063629,0.433859,8.972359
94464,369,25.52,550.0,-0.007551,2.311489,0.721964,0.028163,0.053724,0.422996,16.05839
94720,370,25.48,550.0,0.10694,2.055679,0.7254,0.052632,0.079846,0.437701,17.898537
94976,371,25.48,550.0,0.138851,0.781985,0.722514,0.029154,0.071193,0.43158,7.081262
95232,372,25.48,550.0,0.01684,1.272051,0.725305,0.051286,0.058352,0.423636,7.720467
95488,373,25.48,550.0,0.061336,0.948251,0.722341,0.02877,0.061822,0.425627,2.72073
95744,374,25.4,550.0,0.066616,2.038241,0.725778,0.05276,0.064892,0.419136,12.497889
96000,375,25.4,550.0,-0.002441,1.613241,0.722941,0.028911,0.052668,0.406303,16.678174
96256,376,25.3,550.0,0.058397,1.259004,0.726273,0.052056,0.064428,0.418063,2.152121
96512,377,25.3,550.0,0.055674,1.5405,0.723606,0.029007,0.05789,0.404614,10.629356
96768,378,25.3,550.0,0.094369,1.297584,0.724145,0.029706,0.071717,0.421242,7.532814
97024,379,25.28,550.0,0.113212,1.942973,0.727429,0.051234,0.075655,0.430853,13.282173
97280,380,25.28,550.0,0.01692,1.949943,0.724601,0.029816,0.054799,0.415179,7.264537
97536,381,25.24,550.0,0.056272,1.463437,0.72765,0.050999,0.067235,0.416589,5.62817
97792,382,25.24,550.0,0.093161,0.964168,0.724637,0.029202,0.064793,0.402993,4.464665
98048,383,25.28,550.0,0.051058,1.286244,0.727508,0.051036,0.064119,0.400612,2.024389
98304,384,25.28,550.0,0.087534,1.908522,0.724463,0.029575,0.067078,0.402773,5.342201
98560,385,25.24,550.0,0.048698,1.330555,0.727175,0.050841,0.067845,0.398985,0.393628
98816,386,25.24,550.0,0.025089,1.771249,0.723404,0.029542,0.057947,0.386325,7.54962
99072,387,25.3,550.0,0.026615,1.180711,0.725399,0.050455,0.057586,0.389979,5.546427
99328,388,25.3,550.0,0.105768,1.212886,0.721702,0.029577,0.067239,0.392716,3.895832
99584,389,25.4,550.0,0.01781,1.815504,0.723772,0.05155,0.067974,0.381341,3.455157
99840,390,25.4,550.0,0.095641,1.090855,0.719997,0.029766,0.067058,0.380812,5.41856
100096,391,25.4,550.0,0.088832,1.068365,0.718977,0.029427,0.064739,0.389804,4.549956
100352,392,25.52,550.0,0.019396,1.521996,0.721046,0.051138,0.06487,0.378052,2.240534
100608,393,25.52,550.0,0.128331,1.073399,0.717377,0.029914,0.070824,0.37711,10.367305
100864,394,25.66,550.0,0.171606,1.944786,0.719586,0.052122,0.079599,0.383291,18.34623
101120,395,25.66,550.0,0.033739,1.600484,0.715588,0.030587,0.057365,0.34725,5.546881
101376,396,25.64,550.0,0.020663,0.726553,0.717913,0.052531,0.063882,0.350802,1.975542
101632,397,25.64,550.0,-0.045839,2.541462,0.714267,0.030218,0.045325,0.348618,23.462321
101888,398,25.54,550.0,-0.00553,1.690213,0.717069,0.051807,0.055565,0.396236,14.155847
102144,399,25.54,550.0,0.049162,0.837814,0.713267,0.030032,0.061712,0.363583,2.431788
102400,400,25.44,550.0,0.080742,0.643604,0.715767,0.053565,0.06432,0.347531,0.694594
