steps,rollout,mean_return,mean_episode_length,policy_loss,value_loss,entropy,sr_loss,grad_norm
256,1,0.0,0.0,0.077499,1.767115,1.098573,0.039738,1.98031
512,2,0.0,0.0,0.098256,3.053639,1.098584,0.037755,2.52339
768,3,27.0,550.0,0.100257,2.76896,1.098589,0.038143,2.459328
1024,4,27.0,550.0,0.087976,2.537823,1.09859,0.039224,2.292941
1280,5,29.0,550.0,0.06951,1.611623,1.098595,0.038241,1.806604
1536,6,29.0,550.0,0.072065,1.629895,1.098597,0.038079,1.895754
1792,7,28.0,550.0,0.058712,1.205351,1.0986,0.037185,1.479154
2048,8,28.0,550.0,0.082745,2.355793,1.0986,0.040208,2.256252
2304,9,28.0,550.0,0.08656,2.541591,1.098603,0.03823,2.365616
2560,10,28.0,550.0,0.057519,1.381947,1.098604,0.038662,1.621703
2816,11,26.4,550.0,0.035014,0.689364,1.098605,0.039537,0.932272
3072,12,26.4,550.0,0.024215,0.390199,1.098605,0.040808,0.719133
3328,13,25.0,550.0,0.045189,0.824359,1.098604,0.038137,1.347603
3584,14,25.0,550.0,0.063066,1.285875,1.098604,0.039028,1.882286
3840,15,25.0,550.0,0.063853,1.535538,1.098604,0.040641,2.067326
4096,16,25.4286,550.0,0.078854,2.07138,1.098604,0.040322,2.609548
4352,17,25.4286,550.0,0.039009,0.748975,1.098604,0.041825,1.381386
4608,18,25.5,550.0,0.043288,0.84382,1.098604,0.040753,1.492427
4864,19,25.5,550.0,0.027035,0.384646,1.098603,0.040398,1.044388
5120,20,25.1111,550.0,0.001315,0.168979,1.098601,0.041447,0.035566
5376,21,25.1111,550.0,0.018148,0.452659,1.098598,0.04066,0.783474
5632,22,24.5,550.0,0.01339,0.237833,1.098591,0.040981,0.542799
5888,23,24.5,550.0,0.006737,0.549806,1.098576,0.04354,0.298212
6144,24,23.9091,550.0,-0.020493,0.379141,1.098563,0.042729,1.163912
6400,25,23.9091,550.0,-0.003488,0.253324,1.098542,0.044665,0.180653
6656,26,23.6667,550.0,0.011561,0.215275,1.098521,0.04254,0.611834
6912,27,23.6667,550.0,-0.010115,0.364922,1.098484,0.045435,0.647854
7168,28,23.7692,550.0,0.015942,0.39072,1.098436,0.044632,0.919523
7424,29,23.7692,550.0,0.002986,0.351443,1.098382,0.045609,0.136802
7680,30,23.7692,550.0,0.035089,0.591783,1.098346,0.044359,2.336039
7936,31,24.4286,550.0,0.008631,0.446075,1.098316,0.042428,0.456047
8192,32,24.4286,550.0,0.017385,0.411314,1.098201,0.04479,1.229582
8448,33,24.8667,550.0,-0.02964,0.8629,1.098108,0.044396,2.429071
8704,34,24.8667,550.0,-0.021448,0.505163,1.098014,0.044345,1.696174
8960,35,24.8125,550.0,-0.02219,1.089366,1.097942,0.045568,1.845968
9216,36,24.8125,550.0,-0.033425,0.681232,1.097886,0.044368,2.689305
9472,37,25.0,550.0,-0.016098,0.569828,1.097912,0.043309,1.43632
9728,38,25.0,550.0,-0.001262,0.256754,1.097906,0.045339,0.09758
9984,39,25.2778,550.0,-0.03433,0.597992,1.097978,0.043414,2.630104
10240,40,25.2778,550.0,-0.018729,0.563631,1.098039,0.043071,1.296588
10496,41,25.3684,550.0,-0.002845,0.490881,1.098145,0.04337,0.264553
10752,42,25.3684,550.0,-0.004835,0.339452,1.0982,0.045889,0.302062
11008,43,25.25,550.0,-0.017893,0.539929,1.09827,0.042796,1.162963
11264,44,25.25,550.0,0.04093,0.687325,1.098323,0.044256,2.296775
11520,45,25.25,550.0,0.023744,0.48714,1.098374,0.042895,1.378526
11776,46,25.619,550.0,0.044391,0.810754,1.0984,0.04315,2.425224
12032,47,25.619,550.0,0.020303,0.562721,1.098405,0.043791,1.076645
12288,48,26.0,550.0,0.038303,0.755654,1.098411,0.044092,2.022888
12544,49,26.0,550.0,-0.018094,0.30739,1.09842,0.042689,1.029214
12800,50,25.8696,550.0,-0.004259,0.806716,1.098434,0.043895,0.315924
13056,51,25.8696,550.0,-0.002801,0.33577,1.098446,0.044377,0.175211
13312,52,26.0,550.0,0.015222,0.420723,1.098465,0.04371,0.770058
13568,53,26.0,550.0,0.01843,0.340701,1.09848,0.044087,1.005017
13824,54,26.04,550.0,-0.009282,0.446942,1.098494,0.044177,0.551189
14080,55,26.04,550.0,-0.004935,0.274756,1.098501,0.043756,0.272852
14336,56,25.8077,550.0,-0.007224,0.34915,1.098512,0.042687,0.489398
14592,57,25.8077,550.0,0.00817,0.247338,1.098524,0.043227,0.422234
14848,58,25.8077,550.0,-0.014122,0.251755,1.098531,0.04325,0.727226
15104,59,25.7407,550.0,0.021495,1.141692,1.098538,0.044996,1.031696
15360,60,25.7407,550.0,-0.030159,0.644647,1.098558,0.04116,1.600552
15616,61,25.5714,550.0,0.005987,0.679503,1.098575,0.045222,0.253491
15872,62,25.5714,550.0,0.023234,0.522415,1.098595,0.044285,1.165689
16128,63,25.6552,550.0,0.009358,0.6381,1.098604,0.044484,0.413789
16384,64,25.6552,550.0,0.019954,0.572402,1.098606,0.043047,1.051628
16640,65,25.7333,550.0,0.015702,0.317609,1.0986,0.043031,0.780729
16896,66,25.7333,550.0,0.017408,0.309065,1.098592,0.045921,0.905715
17152,67,25.871,550.0,0.002632,0.356692,1.098574,0.04603,0.120843
17408,68,25.871,550.0,0.010964,0.269381,1.098543,0.045784,0.638331
17664,69,25.7812,550.0,-0.019339,0.414571,1.098497,0.043957,1.119348
17920,70,25.7812,550.0,0.018613,0.275923,1.098432,0.045105,1.10389
18176,71,25.8182,550.0,-0.007517,0.591598,1.098364,0.043061,0.502587
18432,72,25.8182,550.0,-0.018982,0.405221,1.098256,0.044579,1.163995
18688,73,25.8182,550.0,-0.025144,0.428173,1.098145,0.046992,1.533214
18944,74,25.7059,550.0,0.005688,0.253382,1.098099,0.045267,0.287956
19200,75,25.7059,550.0,0.018528,0.511847,1.098023,0.045431,1.155823
19456,76,25.7714,550.0,-0.009489,0.539627,1.097966,0.04605,0.685506
19712,77,25.7714,550.0,-0.031731,0.48477,1.09791,0.043386,1.817743
19968,78,25.75,550.0,0.02624,0.391414,1.097852,0.044319,1.539493
20224,79,25.75,550.0,-0.014118,0.370557,1.097765,0.047591,0.928846
20480,80,25.8378,550.0,-0.006594,0.312373,1.097811,0.044927,0.455609
20736,81,25.8378,550.0,-0.005776,0.526605,1.097815,0.046338,0.368885
20992,82,25.7895,550.0,-0.022083,0.429309,1.09788,0.042791,1.36753
21248,83,25.7895,550.0,0.009892,0.181237,1.097883,0.045374,0.570938
21504,84,25.8462,550.0,0.0082,0.282268,1.097908,0.04349,0.394289
21760,85,25.8462,550.0,-0.009901,0.434953,1.097904,0.045026,0.571378
22016,86,25.775,550.0,-0.023765,0.46253,1.097944,0.043408,1.361073
22272,87,25.775,550.0,0.011259,0.241226,1.097936,0.043988,0.607478
22528,88,25.775,550.0,-0.003104,0.381188,1.09795,0.046275,0.168241
22784,89,25.7805,550.0,0.00346,0.245115,1.097986,0.044207,0.160581
23040,90,25.7805,550.0,0.017272,0.366901,1.097993,0.045456,0.927978
23296,91,25.7857,550.0,0.022285,0.675056,1.098002,0.044478,1.078413
23552,92,25.7857,550.0,0.036653,0.523306,1.097965,0.045746,1.998197
23808,93,25.9302,550.0,0.001031,0.45238,1.097936,0.045272,0.06807
24064,94,25.9302,550.0,0.021424,0.585164,1.097882,0.045942,1.179293
24320,95,26.0227,550.0,0.010983,0.299143,1.097823,0.044556,0.510181
24576,96,26.0227,550.0,0.01042,0.241192,1.097735,0.044165,0.595904
24832,97,26.0889,550.0,-0.016596,0.540234,1.097695,0.04727,1.117928
25088,98,26.0889,550.0,0.014884,0.237011,1.097696,0.044587,0.853931
25344,99,26.1087,550.0,-0.008182,0.211551,1.097743,0.043585,0.484096
25600,100,26.1087,550.0,-0.001177,0.219863,1.097746,0.045273,0.077162
25856,101,26.0213,550.0,-0.044767,0.79416,1.097783,0.047439,2.882868
26112,102,26.0213,550.0,0.009823,0.267929,1.097844,0.045567,0.566985
26368,103,26.0213,550.0,-0.017209,0.397186,1.097902,0.04632,1.067865
26624,104,26.0417,550.0,-0.024476,0.58238,1.097992,0.046287,1.59936
26880,105,26.0417,550.0,-0.004252,0.322916,1.098074,0.04652,0.245141
27136,106,26.0,550.0,-0.002226,0.35397,1.098165,0.044692,0.173415
27392,107,26.0,550.0,-0.004166,0.282467,1.098229,0.04618,0.266774
27648,108,26.08,550.0,-0.00292,0.633195,1.0983,0.045081,0.231927
27904,109,26.08,550.0,0.002341,0.449661,1.098346,0.044195,0.168474
28160,110,26.098,550.0,-0.016292,0.35006,1.0984,0.045882,0.952663
28416,111,26.098,550.0,-0.01823,0.287824,1.098445,0.046396,1.047681
28672,112,25.9808,550.0,-0.016167,0.478748,1.098498,0.045144,0.983195
28928,113,25.9808,550.0,0.006733,0.256111,1.098536,0.045179,0.34284
29184,114,25.9811,550.0,-0.002323,0.703432,1.098559,0.043451,0.179963
29440,115,25.9811,550.0,-0.006339,0.157934,1.098576,0.043724,0.32155
29696,116,25.9811,550.0,-0.009442,0.525511,1.098585,0.042238,0.494211
29952,117,25.9074,550.0,0.015733,0.297864,1.098587,0.042449,0.697621
30208,118,25.9074,550.0,0.006928,0.330215,1.098591,0.043912,0.326364
30464,119,25.8909,550.0,-0.008432,0.293998,1.098596,0.044117,0.452338
30720,120,25.8909,550.0,0.029368,0.795177,1.098599,0.04411,1.388154
30976,121,25.8393,550.0,0.009908,0.412138,1.098601,0.044107,0.42982
31232,122,25.8393,550.0,0.006862,0.26239,1.098602,0.046067,0.32247
31488,123,25.8421,550.0,0.004229,0.354061,1.098601,0.044759,0.153337
31744,124,25.8421,550.0,0.032361,0.747659,1.098598,0.045895,1.471676
32000,125,25.7759,550.0,-0.014875,0.280174,1.09859,0.043189,0.728151
32256,126,25.7759,550.0,0.020387,0.474223,1.098581,0.042013,0.963097
32512,127,25.7797,550.0,0.010907,0.263532,1.098582,0.043857,0.498092
32768,128,25.7797,550.0,0.01381,0.327691,1.098579,0.045106,0.624711
33024,129,25.8,550.0,0.022511,0.513536,1.098573,0.045414,1.047978
33280,130,25.8,550.0,-0.008009,0.356026,1.098562,0.045159,0.426245
33536,131,25.8,550.0,-0.01208,0.191086,1.098554,0.044835,0.603103
33792,132,25.7049,550.0,0.03192,0.737858,1.098548,0.043763,1.562975
34048,133,25.7049,550.0,-0.018904,0.330297,1.098543,0.043655,0.968229
34304,134,25.6613,550.0,-0.000444,0.55958,1.098539,0.045451,0.047356
34560,135,25.6613,550.0,0.016505,0.296136,1.098528,0.045209,0.822885
34816,136,25.6667,550.0,0.01172,0.504169,1.098516,0.044632,0.55923
35072,137,25.6667,550.0,0.027075,0.382928,1.098502,0.046279,1.445191
35328,138,25.7344,550.0,-0.002944,0.277972,1.098474,0.043913,0.20136
35584,139,25.7344,550.0,-0.000437,0.222508,1.098446,0.046131,0.04907
35840,140,25.7231,550.0,-0.02724,0.534193,1.098419,0.044958,1.496538
36096,141,25.7231,550.0,0.001781,0.280213,1.09838,0.044334,0.113278
36352,142,25.6667,550.0,-0.009407,0.382121,1.098356,0.045694,0.588637
36608,143,25.6667,550.0,0.000644,0.24155,1.098327,0.045745,0.060578
36864,144,25.6866,550.0,0.009089,0.340704,1.098306,0.044129,0.466916
37120,145,25.6866,550.0,0.00969,0.192623,1.098293,0.046444,0.545425
37376,146,25.6866,550.0,-0.009644,0.307986,1.098262,0.047413,0.527192
37632,147,25.6765,550.0,-0.019448,0.422336,1.098269,0.0468,1.119371
37888,148,25.6765,550.0,0.016049,0.309025,1.098282,0.044964,0.89758
38144,149,25.6522,550.0,-0.008446,0.475303,1.09832,0.046334,0.532193
38400,150,25.6522,550.0,-0.0137,0.350749,1.098344,0.043654,0.730752
38656,151,25.6429,550.0,0.008493,0.480152,1.098352,0.043735,0.421614
38912,152,25.6429,550.0,0.022952,0.436996,1.098374,0.045759,1.297921
39168,153,25.7183,550.0,0.004068,0.372502,1.098392,0.045742,0.180374
39424,154,25.7183,550.0,0.014181,0.267583,1.098391,0.044402,0.777942
39680,155,25.75,550.0,-0.021519,0.660381,1.09842,0.048397,1.322099
39936,156,25.75,550.0,-0.016618,0.682474,1.09846,0.047541,0.988111
40192,157,25.6849,550.0,-0.023238,0.471756,1.098505,0.044207,1.281561
40448,158,25.6849,550.0,-0.022883,0.486947,1.098532,0.044455,1.245708
40704,159,25.5811,550.0,-0.034193,0.855956,1.098548,0.043873,1.881155
40960,160,25.5811,550.0,0.008976,0.342653,1.098554,0.045091,0.473298
41216,161,25.5811,550.0,-0.0263,0.683602,1.098562,0.048064,1.388592
41472,162,25.5467,550.0,0.016658,0.435473,1.098573,0.045397,0.826624
41728,163,25.5467,550.0,-0.018202,0.262804,1.098582,0.045427,0.954955
41984,164,25.5395,550.0,0.024557,0.405115,1.09859,0.045173,1.232511
42240,165,25.5395,550.0,0.017793,0.555424,1.098597,0.047366,0.877937
42496,166,25.5714,550.0,-0.000863,0.385172,1.098593,0.043346,0.091343
42752,167,25.5714,550.0,0.030537,0.414733,1.098593,0.044671,1.554693
43008,168,25.6538,550.0,0.011047,0.427114,1.098594,0.045917,0.518495
43264,169,25.6538,550.0,-0.010182,0.340743,1.098589,0.044136,0.542363
43520,170,25.6203,550.0,-0.010082,0.238345,1.098585,0.045043,0.562735
43776,171,25.6203,550.0,-0.007273,0.210876,1.098581,0.045303,0.369564
44032,172,25.5875,550.0,-0.000637,0.248859,1.098577,0.045346,0.057215
44288,173,25.5875,550.0,0.037697,0.521559,1.098573,0.045458,1.916446
44544,174,25.5875,550.0,0.01682,0.369758,1.098567,0.045123,0.858397
44800,175,25.6543,550.0,0.002893,0.479508,1.098558,0.043231,0.140192
45056,176,25.6543,550.0,0.013068,0.304674,1.098559,0.046905,0.661608
45312,177,25.6341,550.0,-0.014819,0.558183,1.09854,0.043225,0.763446
45568,178,25.6341,550.0,-0.023498,0.542603,1.098517,0.042403,1.209049
45824,179,25.5783,550.0,0.023621,0.537048,1.098486,0.045305,1.132021
46080,180,25.5783,550.0,0.036669,0.614406,1.098435,0.044784,1.906699
46336,181,25.6905,550.0,0.014487,0.437974,1.098395,0.044291,0.717444
46592,182,25.6905,550.0,0.022629,0.27507,1.098367,0.045992,1.221165
46848,183,25.7059,550.0,-0.027915,0.515963,1.098337,0.046528,1.532149
47104,184,25.7059,550.0,0.010325,0.275944,1.098308,0.047157,0.574225
47360,185,25.7558,550.0,0.003182,0.343976,1.098247,0.044277,0.138419
47616,186,25.7558,550.0,-0.001352,0.334449,1.098203,0.045168,0.073996
47872,187,25.8161,550.0,0.031476,0.896178,1.098163,0.04537,1.661882
48128,188,25.8161,550.0,-0.028868,0.803961,1.098124,0.04608,1.665811
48384,189,25.8161,550.0,0.007366,0.314044,1.098092,0.046893,0.466126
48640,190,25.7841,550.0,-0.042144,0.717568,1.098043,0.045955,2.445439
48896,191,25.7841,550.0,-0.000755,0.218,1.097992,0.046336,0.0475
49152,192,25.7865,550.0,0.000173,0.445913,1.097961,0.046445,0.12558
49408,193,25.7865,550.0,-0.037415,0.595237,1.097918,0.046229,2.261817
49664,194,25.7667,550.0,-0.043992,0.819222,1.097888,0.046386,2.608767
49920,195,25.7667,550.0,0.002188,0.212133,1.097856,0.045953,0.123741
50176,196,25.7692,550.0,-0.035621,0.572818,1.097862,0.046325,2.153012
50432,197,25.7692,550.0,0.001811,0.292722,1.097833,0.045114,0.11369
50688,198,25.7826,550.0,-0.021623,0.450216,1.097847,0.0456,1.274955
50944,199,25.7826,550.0,0.024464,0.378308,1.097862,0.047238,1.417958
51200,200,25.8065,550.0,-0.022908,0.377432,1.097847,0.045598,1.309292
51456,201,25.8065,550.0,0.021784,0.352471,1.097831,0.046178,1.187495
51712,202,25.8085,550.0,-0.020058,0.688654,1.097836,0.047427,1.198288
51968,203,25.8085,550.0,-0.015374,0.484079,1.097854,0.046768,0.874959
52224,204,25.8085,550.0,-0.008758,0.222769,1.097879,0.045296,0.467185
52480,205,25.7789,550.0,-0.011753,0.350729,1.097917,0.046023,0.64527
52736,206,25.7789,550.0,-0.013349,0.305328,1.097958,0.047034,0.714014
52992,207,25.7396,550.0,-0.006692,0.557211,1.097999,0.042691,0.353029
53248,208,25.7396,550.0,0.003663,0.142386,1.098038,0.044546,0.175589
53504,209,25.7113,550.0,0.004316,0.62059,1.098068,0.043526,0.173786
53760,210,25.7113,550.0,0.045155,0.776196,1.098115,0.045953,2.176869
54016,211,25.7959,550.0,0.003932,0.508156,1.098119,0.043792,0.159578
54272,212,25.7959,550.0,0.009602,0.255737,1.098151,0.045918,0.426561
54528,213,25.7677,550.0,0.005143,0.31174,1.098157,0.045997,0.207135
54784,214,25.7677,550.0,-0.003313,0.27133,1.098143,0.045298,0.162714
55040,215,25.73,550.0,-0.005215,0.452321,1.098153,0.046078,0.285225
55296,216,25.73,550.0,0.001121,0.187851,1.098157,0.045777,0.045484
55552,217,25.7,550.0,0.007183,0.442979,1.098168,0.04562,0.319045
55808,218,25.7,550.0,0.066266,1.610292,1.098158,0.044678,3.019802
56064,219,25.7,550.0,0.009264,0.353702,1.09816,0.045758,0.430279
56320,220,25.71,550.0,0.050165,0.852524,1.098137,0.044718,2.168114
56576,221,25.71,550.0,-0.01785,0.232095,1.098122,0.044847,0.843947
56832,222,25.71,550.0,0.019296,0.574227,1.098105,0.044079,0.860624
57088,223,25.71,550.0,0.017866,0.402719,1.098099,0.044779,0.796459
57344,224,25.72,550.0,0.008764,0.564158,1.098098,0.045027,0.374014
57600,225,25.72,550.0,0.025172,0.425707,1.098086,0.044698,1.214435
57856,226,25.79,550.0,-0.017608,0.454145,1.098088,0.044147,0.908102
58112,227,25.79,550.0,0.037751,0.663431,1.098104,0.046199,1.823952
58368,228,25.93,550.0,0.016453,0.394253,1.098107,0.046981,0.784353
58624,229,25.93,550.0,0.019983,0.293943,1.098069,0.046274,1.03668
58880,230,25.91,550.0,-0.03929,0.747405,1.098035,0.045909,2.12392
59136,231,25.91,550.0,-0.005774,0.199853,1.098011,0.046122,0.299022
59392,232,25.91,550.0,0.019283,0.414212,1.098006,0.047834,1.061408
59648,233,25.93,550.0,-0.028956,0.481413,1.097923,0.04515,1.58836
59904,234,25.93,550.0,-0.007198,0.306712,1.097861,0.047352,0.379876
60160,235,25.93,550.0,-0.011783,0.287495,1.097833,0.048381,0.693983
60416,236,25.93,550.0,0.008253,0.540121,1.097817,0.047873,0.451806
60672,237,25.99,550.0,-0.063457,1.363766,1.097759,0.045401,3.489746
60928,238,25.99,550.0,0.019082,0.339537,1.09775,0.048412,1.041569
61184,239,26.06,550.0,-0.023927,0.413209,1.097638,0.045946,1.305595
61440,240,26.06,550.0,-0.02553,0.762889,1.097561,0.047857,1.418265
61696,241,26.07,550.0,0.002114,0.305661,1.097495,0.046356,0.079522
61952,242,26.07,550.0,0.012576,0.213106,1.097456,0.046835,0.653724
62208,243,26.12,550.0,0.001791,0.283814,1.097427,0.046909,0.07212
62464,244,26.12,550.0,-0.008158,0.255768,1.097378,0.046966,0.44091
62720,245,26.03,550.0,-0.017493,0.424375,1.09738,0.047852,0.970365
62976,246,26.03,550.0,-0.024704,0.478268,1.097307,0.043568,1.255826
63232,247,26.03,550.0,-0.003543,0.271199,1.097357,0.048461,0.197295
63488,248,25.95,550.0,-0.014621,0.36264,1.097303,0.0464,0.773757
63744,249,25.95,550.0,-0.003113,0.111626,1.097295,0.045938,0.154098
64000,250,25.93,550.0,-0.010999,0.319175,1.097334,0.046145,0.590734
64256,251,25.93,550.0,0.010322,0.200342,1.097375,0.046993,0.514052
64512,252,25.89,550.0,-0.010082,0.615182,1.097373,0.047143,0.557201
64768,253,25.89,550.0,-0.009875,0.257611,1.097361,0.044073,0.430499
65024,254,25.82,550.0,0.018449,0.352851,1.097385,0.044299,0.812824
65280,255,25.82,550.0,0.037583,0.523178,1.097433,0.045464,1.717595
65536,256,25.83,550.0,-0.011225,0.390471,1.097468,0.046263,0.533806
65792,257,25.83,550.0,0.032871,0.644613,1.097509,0.045087,1.474473
66048,258,25.88,550.0,0.021078,0.395052,1.09759,0.045732,0.924499
66304,259,25.88,550.0,-0.000451,0.147266,1.097564,0.043553,0.03492
66560,260,25.78,550.0,-0.004229,0.384594,1.097615,0.044891,0.191254
66816,261,25.78,550.0,-0.015889,0.262901,1.097642,0.04489,0.702972
67072,262,25.78,550.0,0.003241,0.277116,1.097649,0.044395,0.136539
67328,263,25.63,550.0,0.008059,0.404983,1.097683,0.045212,0.348554
67584,264,25.63,550.0,0.002278,0.312025,1.097718,0.046685,0.094408
67840,265,25.64,550.0,0.028876,0.462058,1.097667,0.044296,1.228307
68096,266,25.64,550.0,0.021921,0.660151,1.097726,0.046996,0.998663
68352,267,25.64,550.0,0.006923,0.237188,1.097663,0.045943,0.278236
68608,268,25.64,550.0,0.024809,0.454726,1.097616,0.046106,1.127146
68864,269,25.64,550.0,-0.010745,0.219151,1.097544,0.045657,0.52333
69120,270,25.64,550.0,0.008983,0.208477,1.097517,0.04556,0.410989
69376,271,25.69,550.0,0.011525,0.408593,1.097493,0.045719,0.489148
69632,272,25.69,550.0,0.034378,0.627725,1.097492,0.047382,1.656043
69888,273,25.71,550.0,-0.014663,0.265803,1.097342,0.04455,0.711033
70144,274,25.71,550.0,-0.010376,0.395626,1.097287,0.046554,0.52422
70400,275,25.71,550.0,-0.016833,0.451775,1.09716,0.044099,0.750129
70656,276,25.71,550.0,0.015945,0.226459,1.097118,0.045761,0.748125
70912,277,25.71,550.0,-0.011853,0.246962,1.097024,0.046406,0.58872
71168,278,25.66,550.0,-0.02779,0.483396,1.096921,0.045478,1.294527
71424,279,25.66,550.0,-0.00142,0.410596,1.096866,0.045833,0.071931
71680,280,25.58,550.0,-0.02655,0.575241,1.09683,0.045993,1.320677
71936,281,25.58,550.0,0.027383,0.413422,1.096755,0.045049,1.270131
72192,282,25.54,550.0,-0.012946,0.434261,1.096818,0.047074,0.652536
72448,283,25.54,550.0,-0.010704,0.329284,1.096951,0.049344,0.545085
72704,284,25.52,550.0,-0.003226,0.249719,1.097035,0.047264,0.166595
72960,285,25.52,550.0,0.014099,0.315009,1.097123,0.045651,0.648868
73216,286,25.5,550.0,0.015999,0.222058,1.097273,0.04656,0.70556
73472,287,25.5,550.0,0.019191,0.367011,1.097304,0.045915,0.879989
73728,288,25.54,550.0,0.015338,0.314245,1.097332,0.045777,0.677285
73984,289,25.54,550.0,0.002308,0.199521,1.097365,0.046491,0.106755
74240,290,25.54,550.0,-0.015954,0.54778,1.097434,0.048345,0.794695
74496,291,25.47,550.0,0.018466,0.404576,1.097371,0.043637,0.818443
74752,292,25.47,550.0,0.012892,0.361186,1.097525,0.04541,0.585843
75008,293,25.5,550.0,0.005197,0.374855,1.097647,0.046456,0.21277
75264,294,25.5,550.0,0.022779,0.26615,1.097704,0.045356,1.064665
75520,295,25.47,550.0,0.012454,1.163688,1.097789,0.04574,0.58914
75776,296,25.47,550.0,-0.004003,0.23406,1.097892,0.047783,0.214352
76032,297,25.52,550.0,0.004505,0.203384,1.09794,0.046645,0.202914
76288,298,25.52,550.0,0.007469,0.212978,1.098006,0.047269,0.371251
76544,299,25.53,550.0,0.011765,0.238923,1.098047,0.047284,0.581283
76800,300,25.53,550.0,-0.007244,0.24025,1.098036,0.046147,0.361867
77056,301,25.55,550.0,-0.020541,0.64986,1.098054,0.04631,1.133573
77312,302,25.55,550.0,0.017545,0.328164,1.098088,0.047913,0.949125
77568,303,25.56,550.0,-0.045418,0.891644,1.098042,0.046676,2.486304
77824,304,25.56,550.0,0.010761,0.219697,1.098047,0.048017,0.570809
78080,305,25.56,550.0,-0.030351,0.445727,1.098028,0.048993,1.698449
78336,306,25.55,550.0,-0.008891,0.428456,1.098019,0.048559,0.499911
78592,307,25.55,550.0,0.001937,0.286498,1.098033,0.047915,0.114956
78848,308,25.48,550.0,-0.009677,0.871732,1.098032,0.046598,0.540547
79104,309,25.48,550.0,-0.030624,0.824036,1.098083,0.048176,1.710656
79360,310,25.43,550.0,0.013754,0.859735,1.098101,0.046854,0.698454
79616,311,25.43,550.0,-0.031545,0.449083,1.098168,0.048446,1.650244
79872,312,25.42,550.0,-0.011906,0.369003,1.098201,0.046907,0.680471
80128,313,25.42,550.0,-0.010639,0.397056,1.098248,0.047005,0.562116
80384,314,25.42,550.0,0.004147,0.204409,1.098285,0.046506,0.185171
80640,315,25.42,550.0,-0.040303,0.652913,1.098333,0.047104,1.977458
80896,316,25.42,550.0,-0.017139,0.496217,1.098359,0.046536,0.886239
81152,317,25.42,550.0,-0.010549,0.25328,1.098425,0.048971,0.530601
81408,318,25.36,550.0,-0.000957,0.206638,1.098423,0.044792,0.061725
81664,319,25.36,550.0,0.031248,0.415467,1.098478,0.046408,1.421857
81920,320,25.36,550.0,-0.001322,0.248613,1.098502,0.045931,0.063987
82176,321,25.4,550.0,0.021855,0.30071,1.098512,0.045013,0.983342
82432,322,25.4,550.0,0.006232,0.234726,1.098539,0.04601,0.26867
82688,323,25.36,550.0,0.017061,0.508114,1.098546,0.045204,0.754159
82944,324,25.36,550.0,0.024384,0.437444,1.098568,0.04704,1.119899
83200,325,25.4,550.0,0.013194,0.4761,1.098564,0.046105,0.576168
83456,326,25.4,550.0,0.013201,0.327678,1.098564,0.045903,0.574627
83712,327,25.47,550.0,0.012212,0.376765,1.098571,0.047733,0.564469
83968,328,25.47,550.0,0.019952,0.306167,1.098557,0.046315,0.947446
84224,329,25.5,550.0,0.013746,0.505532,1.098545,0.046484,0.638935
84480,330,25.5,550.0,0.000745,0.306367,1.098539,0.046952,0.033464
84736,331,25.52,550.0,-0.021994,0.375572,1.098527,0.047622,1.128654
84992,332,25.52,550.0,-0.013938,0.243887,1.098523,0.04713,0.697081
85248,333,25.52,550.0,-0.026416,0.41285,1.098495,0.044124,1.267897
85504,334,25.48,550.0,0.010609,0.305675,1.098489,0.046938,0.506551
85760,335,25.48,550.0,0.006908,0.17047,1.098465,0.047363,0.355144
86016,336,25.53,550.0,-0.022996,0.556024,1.098431,0.047366,1.210087
86272,337,25.53,550.0,-0.000592,0.280425,1.098416,0.047598,0.045466
86528,338,25.51,550.0,-0.00991,0.286151,1.098392,0.047515,0.535179
86784,339,25.51,550.0,0.004664,0.245807,1.098408,0.04855,0.248827
87040,340,25.57,550.0,0.001522,0.390523,1.098364,0.046411,0.060774
87296,341,25.57,550.0,0.01127,0.336392,1.09836,0.046209,0.544936
87552,342,25.59,550.0,-0.018019,0.481199,1.09838,0.047577,0.95145
87808,343,25.59,550.0,0.02453,0.309159,1.098387,0.04764,1.267333
88064,344,25.63,550.0,-0.020749,0.32286,1.098386,0.048062,1.056363
88320,345,25.63,550.0,0.034681,0.412903,1.098393,0.047296,1.804914
88576,346,25.7,550.0,-0.03819,0.700397,1.098388,0.046802,1.996405
88832,347,25.7,550.0,0.02037,0.315053,1.098417,0.048479,1.065803
89088,348,25.7,550.0,-0.010264,0.229721,1.098425,0.049574,0.521057
89344,349,25.75,550.0,-0.019692,0.480772,1.098416,0.047764,1.035029
89600,350,25.75,550.0,0.008251,0.235853,1.098457,0.048961,0.431506
89856,351,25.76,550.0,-0.006699,0.404649,1.098448,0.04796,0.372254
90112,352,25.76,550.0,-0.00621,0.337085,1.098472,0.048225,0.301177
90368,353,25.7,550.0,-0.004961,0.447649,1.098456,0.045745,0.269101
90624,354,25.7,550.0,-0.032897,0.575221,1.098504,0.049299,1.695662
90880,355,25.71,550.0,0.002486,0.246207,1.098492,0.046022,0.10609
91136,356,25.71,550.0,-0.002984,0.394175,1.098547,0.049614,0.158783
91392,357,25.71,550.0,-0.021453,0.331631,1.098534,0.045694,1.045858
91648,358,25.71,550.0,0.007074,0.317248,1.09855,0.046044,0.353841
91904,359,25.68,550.0,0.004466,0.221301,1.098561,0.046668,0.182878
92160,360,25.68,550.0,0.013643,0.609587,1.098576,0.047475,0.653847
92416,361,25.67,550.0,-0.029649,0.641943,1.098556,0.043441,1.415722
92672,362,25.67,550.0,0.008382,0.27297,1.098568,0.047081,0.393274
92928,363,25.67,550.0,0.020906,0.59427,1.098545,0.044797,0.936287
93184,364,25.72,550.0,0.010439,0.589277,1.09855,0.046532,0.486297
93440,365,25.72,550.0,0.009039,0.458407,1.098546,0.046,0.427899
93696,366,25.72,550.0,-0.010826,0.68932,1.098558,0.048268,0.554351
93952,367,25.72,550.0,0.005424,0.192894,1.098574,0.048629,0.262167
94208,368,25.68,550.0,-0.001863,0.234724,1.098561,0.046154,0.122188
94464,369,25.68,550.0,-0.019734,0.373076,1.098575,0.04752,0.959357
94720,370,25.66,550.0,-0.014925,0.589479,1.098565,0.044689,0.716222
94976,371,25.66,550.0,0.002862,0.179655,1.098569,0.045493,0.14706
95232,372,25.7,550.0,0.019072,0.328406,1.098577,0.048096,0.887386
95488,373,25.7,550.0,-0.004474,0.338562,1.098575,0.048265,0.212358
95744,374,25.81,550.0,0.01254,0.306186,1.098562,0.047229,0.562891
96000,375,25.81,550.0,-0.018784,0.297003,1.098556,0.047298,0.905149
96256,376,25.81,550.0,0.002078,0.414219,1.098538,0.046325,0.083936
96512,377,25.81,550.0,-0.010496,0.224749,1.098541,0.048022,0.49118
96768,378,25.81,550.0,0.010571,0.245746,1.098543,0.047818,0.512218
97024,379,25.8,550.0,-0.018877,0.353883,1.098524,0.046615,0.917573
97280,380,25.8,550.0,0.033985,0.515999,1.098531,0.047674,1.623548
97536,381,25.79,550.0,-0.01949,0.39244,1.098521,0.048011,0.929709
97792,382,25.79,550.0,-0.0133,0.392781,1.098522,0.047221,0.625208
98048,383,25.67,550.0,-0.001029,0.357048,1.098522,0.04744,0.075382
98304,384,25.67,550.0,-0.007031,0.385628,1.09851,0.045161,0.32266
98560,385,25.66,550.0,-0.029149,0.435703,1.098531,0.048301,1.33258
98816,386,25.66,550.0,0.012468,0.231145,1.09853,0.046895,0.571999
99072,387,25.65,550.0,-0.021113,0.538814,1.098514,0.04511,0.980951
99328,388,25.65,550.0,0.02879,0.588205,1.098531,0.046883,1.247501
99584,389,25.61,550.0,0.000434,0.277301,1.098533,0.047971,0.055107
99840,390,25.61,550.0,0.027008,0.650824,1.098499,0.044364,1.189826
100096,391,25.61,550.0,-0.002334,0.365095,1.098506,0.044371,0.116946
100352,392,25.65,550.0,0.017262,0.59866,1.098516,0.045616,0.709019
100608,393,25.65,550.0,0.010869,0.228043,1.098532,0.046682,0.489584
100864,394,25.68,550.0,0.02625,0.93671,1.098518,0.045426,1.165732
101120,395,25.68,550.0,-0.017926,0.620819,1.098542,0.047403,0.811814
101376,396,25.59,550.0,0.004381,0.241444,1.098538,0.046415,0.16921
101632,397,25.59,550.0,0.009415,0.191301,1.098552,0.046975,0.431474
101888,398,25.57,550.0,-0.00687,0.329223,1.098547,0.046212,0.3459
102144,399,25.57,550.0,0.006536,0.177669,1.098557,0.046445,0.290458
102400,400,25.54,550.0,0.01741,0.533624,1.098563,0.047077,0.765335
102656,401,25.54,550.0,0.016922,0.566685,1.098565,0.045889,0.808246
102912,402,25.5,550.0,-0.015092,0.236578,1.098574,0.047111,0.742965
103168,403,25.5,550.0,-0.005181,0.241557,1.098583,0.04727,0.24141
103424,404,25.53,550.0,-0.003267,0.317046,1.09858,0.045626,0.172687
103680,405,25.53,550.0,0.041956,0.657265,1.098591,0.047766,2.03248
103936,406,25.53,550.0,-0.007984,0.521504,1.098596,0.050052,0.394262
104192,407,25.55,550.0,-0.015921,0.4083,1.098591,0.048576,0.76115
104448,408,25.55,550.0,-0.006504,0.24476,1.098592,0.045902,0.3096
104704,409,25.55,550.0,0.000277,0.47448,1.098588,0.046634,0.050585
104960,410,25.55,550.0,-0.028589,0.492769,1.098588,0.046652,1.30834
105216,411,25.54,550.0,0.036247,0.603809,1.098581,0.046666,1.699704
105472,412,25.54,550.0,0.029851,0.610331,1.098577,0.047062,1.419115
105728,413,25.6,550.0,0.00466,0.56642,1.098568,0.0479,0.193913
105984,414,25.6,550.0,-0.020615,0.290478,1.098571,0.046236,0.943726
106240,415,25.54,550.0,-0.015709,0.395105,1.098567,0.046215,0.760251
106496,416,25.54,550.0,0.010396,0.168806,1.098566,0.046978,0.489334
106752,417,25.54,550.0,-0.011577,0.393507,1.098567,0.046871,0.569882
107008,418,25.54,550.0,0.026913,0.354157,1.098565,0.046711,1.219872
107264,419,25.65,550.0,0.035887,1.008824,1.098565,0.04653,1.679747
107520,420,25.65,550.0,-0.001624,0.282654,1.098559,0.047055,0.074349
107776,421,25.65,550.0,-0.016461,0.361901,1.098557,0.046691,0.738306
108032,422,25.64,550.0,0.025457,0.40714,1.098555,0.046577,1.191812
108288,423,25.64,550.0,0.013043,0.48466,1.098556,0.046207,0.634254
108544,424,25.69,550.0,-0.025434,0.436802,1.098555,0.04557,1.227012
108800,425,25.69,550.0,0.009002,0.403633,1.098552,0.045663,0.414759
109056,426,25.59,550.0,-0.016242,0.238823,1.098528,0.048532,0.779696
109312,427,25.59,550.0,-0.004962,0.259232,1.09853,0.046108,0.242174
109568,428,25.59,550.0,0.01244,0.859167,1.098506,0.0478,0.562436
109824,429,25.59,550.0,-0.030089,0.485345,1.09852,0.044707,1.40007
110080,430,25.61,550.0,-0.032079,0.622487,1.098529,0.045976,1.534945
110336,431,25.61,550.0,-0.003901,0.709383,1.098539,0.046224,0.188467
110592,432,25.65,550.0,0.021627,0.463315,1.098552,0.047074,0.962216
110848,433,25.65,550.0,-0.022124,0.334908,1.098559,0.047282,1.040796
111104,434,25.52,550.0,-0.022997,0.457312,1.098574,0.046183,1.082702
111360,435,25.52,550.0,0.028607,0.468123,1.098577,0.04737,1.321477
111616,436,25.52,550.0,-0.002764,0.259064,1.098586,0.045683,0.121037
111872,437,25.54,550.0,0.021844,0.47543,1.098584,0.047312,0.971547
112128,438,25.54,550.0,-0.007433,0.222249,1.098584,0.045092,0.340992
112384,439,25.52,550.0,0.005897,0.33528,1.098578,0.046727,0.252603
112640,440,25.52,550.0,-0.01463,0.346031,1.098581,0.048399,0.639647
112896,441,25.48,550.0,0.006254,0.291635,1.098561,0.046809,0.269085
113152,442,25.48,550.0,0.016443,0.232879,1.098559,0.047104,0.741744
113408,443,25.44,550.0,0.007382,0.281639,1.098544,0.047399,0.304634
113664,444,25.44,550.0,-0.008359,0.177822,1.09854,0.047537,0.380998
113920,445,25.46,550.0,0.027555,0.796307,1.098531,0.04816,1.248586
114176,446,25.46,550.0,-9e-06,0.218729,1.098508,0.046831,0.01175
114432,447,25.43,550.0,0.000667,0.245837,1.098513,0.049431,0.037576
114688,448,25.43,550.0,0.016515,0.431755,1.098477,0.047149,0.760764
114944,449,25.43,550.0,0.003783,0.190079,1.098464,0.047358,0.178073
115200,450,25.47,550.0,0.006944,0.239871,1.098434,0.046999,0.30502
115456,451,25.47,550.0,-0.009307,0.335684,1.098478,0.050133,0.441769
115712,452,25.47,550.0,-0.028698,0.403149,1.098415,0.045653,1.348332
115968,453,25.47,550.0,0.028549,0.729829,1.098469,0.048973,1.367405
116224,454,25.46,550.0,-0.015089,0.384497,1.09844,0.048493,0.717247
116480,455,25.46,550.0,0.017994,0.218617,1.098431,0.047647,0.848082
116736,456,25.51,550.0,-0.0208,0.410799,1.098384,0.045584,0.991094
116992,457,25.51,550.0,-0.007999,0.161452,1.098392,0.047103,0.37718
117248,458,25.46,550.0,0.002923,0.475708,1.098371,0.04792,0.114158
117504,459,25.46,550.0,0.022969,0.292664,1.098387,0.049418,1.101553
117760,460,25.5,550.0,-0.01122,0.683423,1.098334,0.049262,0.583621
118016,461,25.5,550.0,-0.018225,0.563142,1.098307,0.048341,0.876687
118272,462,25.52,550.0,0.004957,0.238704,1.09826,0.046568,0.199958
118528,463,25.52,550.0,0.015285,0.245393,1.0983,0.048057,0.715042
118784,464,25.52,550.0,-0.041885,0.67092,1.098351,0.050492,2.017982
119040,465,25.51,550.0,0.012299,0.614326,1.098315,0.048271,0.537174
119296,466,25.51,550.0,0.017866,0.390622,1.098337,0.047911,0.837843
119552,467,25.55,550.0,-0.009936,0.526368,1.09834,0.048244,0.499669
119808,468,25.55,550.0,0.018041,0.214039,1.098347,0.047035,0.840992
120064,469,25.61,550.0,-0.025605,0.301674,1.09837,0.047474,1.171714
120320,470,25.61,550.0,-0.032885,0.433724,1.0984,0.047136,1.539383
120576,471,25.52,550.0,0.01071,0.290254,1.098421,0.047943,0.489441
120832,472,25.52,550.0,0.003375,0.11138,1.098446,0.048115,0.156673
121088,473,25.5,550.0,-0.020428,0.374157,1.098432,0.04707,0.921607
121344,474,25.5,550.0,0.010307,0.295642,1.098462,0.048104,0.485255
121600,475,25.52,550.0,-0.00454,0.400047,1.098459,0.048424,0.247912
121856,476,25.52,550.0,-0.019316,0.411762,1.098472,0.048118,0.86169
122112,477,25.54,550.0,-0.011962,0.389093,1.098473,0.047899,0.578052
122368,478,25.54,550.0,-0.000713,0.243344,1.098465,0.045683,0.045466
122624,479,25.54,550.0,0.021521,0.418672,1.098499,0.047433,0.9883
122880,480,25.57,550.0,-0.01089,0.213978,1.098488,0.046474,0.485329
123136,481,25.57,550.0,-0.007247,0.29977,1.098517,0.04765,0.326319
123392,482,25.51,550.0,0.006889,0.263171,1.098503,0.046973,0.293678
123648,483,25.51,550.0,0.017111,0.364927,1.098519,0.047434,0.769536
123904,484,25.49,550.0,-0.020051,0.434123,1.098512,0.047517,0.864627
124160,485,25.49,550.0,0.031542,0.49305,1.098513,0.04674,1.408584
124416,486,25.53,550.0,0.012907,0.260879,1.098504,0.046576,0.558358
124672,487,25.53,550.0,-0.000777,0.332688,1.09853,0.048219,0.054162
124928,488,25.51,550.0,-0.003251,0.326247,1.09852,0.047897,0.163367
125184,489,25.51,550.0,0.013957,0.644346,1.098528,0.047706,0.623451
125440,490,25.58,550.0,0.015555,0.388293,1.09852,0.04809,0.684885
125696,491,25.58,550.0,0.011841,0.217454,1.098501,0.0466,0.510064
125952,492,25.66,550.0,0.015638,0.619225,1.098513,0.047908,0.712671
126208,493,25.66,550.0,-0.011531,0.234834,1.098497,0.047984,0.550154
126464,494,25.66,550.0,0.000479,0.667557,1.098483,0.046569,0.058526
126720,495,25.7,550.0,-0.006702,0.293147,1.098503,0.048963,0.33017
126976,496,25.7,550.0,-0.022988,0.301948,1.098499,0.047474,1.096494
127232,497,25.67,550.0,-0.035103,0.553098,1.098469,0.045286,1.657218
127488,498,25.67,550.0,0.006276,0.440754,1.098509,0.048711,0.288928
127744,499,25.69,550.0,-0.01036,0.371539,1.098476,0.047715,0.515998
128000,500,25.69,550.0,-0.000669,0.16615,1.098495,0.048992,0.034954
128256,501,25.7,550.0,-0.005699,0.559457,1.098445,0.0471,0.29379
128512,502,25.7,550.0,-0.004293,0.204419,1.09847,0.048505,0.19562
128768,503,25.73,550.0,0.023081,0.647989,1.098446,0.047985,1.039825
129024,504,25.73,550.0,-0.008668,0.361099,1.098457,0.048272,0.395533
129280,505,25.76,550.0,-0.002382,0.402056,1.098444,0.048572,0.14966
129536,506,25.76,550.0,0.000184,0.215112,1.098433,0.047029,0.013492
129792,507,25.76,550.0,0.005708,0.252179,1.098472,0.049152,0.262636
130048,508,25.74,550.0,0.020155,0.392741,1.098403,0.046263,0.894296
130304,509,25.74,550.0,-0.014982,0.368402,1.098457,0.04868,0.647842
130560,510,25.71,550.0,0.011083,0.440715,1.098444,0.048096,0.479564
130816,511,25.71,550.0,-0.033395,0.517512,1.098437,0.046944,1.497698
131072,512,25.65,550.0,0.016461,0.541374,1.098429,0.047275,0.71954
131328,513,25.65,550.0,-0.025676,0.336885,1.098466,0.048837,1.10787
131584,514,25.58,550.0,0.009441,0.31723,1.098439,0.047605,0.411883
131840,515,25.58,550.0,-0.000262,0.37065,1.098486,0.049669,0.058845
132096,516,25.59,550.0,-0.014235,0.21221,1.098423,0.046861,0.644372
132352,517,25.59,550.0,-0.007466,0.265711,1.098422,0.046009,0.310842
132608,518,25.58,550.0,0.038744,0.671295,1.098391,0.045783,1.690299
132864,519,25.58,550.0,-0.011294,0.260133,1.098424,0.046702,0.493719
133120,520,25.57,550.0,0.017453,0.348242,1.098412,0.047066,0.72751
133376,521,25.57,550.0,0.002644,0.163146,1.09845,0.048499,0.114492
133632,522,25.57,550.0,0.034955,0.566953,1.098378,0.045334,1.52383
133888,523,25.59,550.0,0.028371,0.603949,1.09838,0.046019,1.241549
134144,524,25.59,550.0,-0.010663,0.457905,1.098401,0.045701,0.447642
134400,525,25.62,550.0,0.030749,0.474219,1.098387,0.045952,1.350854
134656,526,25.62,550.0,0.020065,0.398194,1.098468,0.049536,0.91785
134912,527,25.66,550.0,-0.000822,0.387143,1.098399,0.047729,0.067976
135168,528,25.66,550.0,4.4e-05,0.258111,1.098373,0.046374,0.030322
135424,529,25.63,550.0,-0.016524,0.295193,1.098349,0.046823,0.774213
135680,530,25.63,550.0,-0.02212,0.437528,1.098366,0.047376,1.009576
135936,531,25.59,550.0,-0.025964,0.424733,1.098395,0.050008,1.18329
136192,532,25.59,550.0,0.000162,0.360275,1.098426,0.050064,0.048102
136448,533,25.62,550.0,0.001042,0.228925,1.098346,0.046692,0.039232
136704,534,25.62,550.0,-0.009812,0.168164,1.098427,0.049212,0.448263
136960,535,25.58,550.0,0.008927,0.335697,1.098403,0.047937,0.38036
137216,536,25.58,550.0,-0.016352,0.489825,1.098469,0.04977,0.766915
137472,537,25.58,550.0,0.002498,0.205833,1.098461,0.047758,0.116942
137728,538,25.54,550.0,0.016124,0.488655,1.098461,0.047267,0.698836
137984,539,25.54,550.0,0.01113,0.400552,1.098507,0.048235,0.472101
138240,540,25.51,550.0,-0.011682,0.216871,1.098488,0.047313,0.532989
138496,541,25.51,550.0,0.019432,0.439974,1.098521,0.048496,0.873839
138752,542,25.5,550.0,0.001517,0.292173,1.09851,0.048817,0.058428
139008,543,25.5,550.0,-0.015607,0.307356,1.098529,0.049328,0.707712
139264,544,25.45,550.0,0.01402,0.335448,1.098489,0.046851,0.614042
139520,545,25.45,550.0,0.007618,0.581377,1.09852,0.0479,0.340796
139776,546,25.49,550.0,0.007557,0.312339,1.098505,0.047487,0.309274
140032,547,25.49,550.0,0.024571,0.466458,1.098515,0.046788,1.110439
140288,548,25.57,550.0,-0.00688,0.307989,1.098534,0.049441,0.343317
140544,549,25.57,550.0,-0.007438,0.27387,1.098544,0.048805,0.341617
140800,550,25.51,550.0,-0.031985,0.585008,1.09854,0.04753,1.420598
141056,551,25.51,550.0,0.021001,0.249138,1.098545,0.049881,0.965389
141312,552,25.51,550.0,-0.016384,0.21242,1.098548,0.048033,0.758105
141568,553,25.52,550.0,-0.037241,0.546489,1.098533,0.046501,1.645852
141824,554,25.52,550.0,0.004469,0.239009,1.098551,0.049651,0.214302
142080,555,25.44,550.0,-0.009754,0.553103,1.098545,0.049792,0.468033
142336,556,25.44,550.0,0.013922,0.293316,1.098549,0.048382,0.634323
142592,557,25.43,550.0,-0.015353,0.213654,1.098539,0.048149,0.674015
142848,558,25.43,550.0,0.009275,0.470894,1.098547,0.049411,0.425871
143104,559,25.36,550.0,0.006368,0.260388,1.098534,0.046302,0.273239
143360,560,25.36,550.0,0.02663,0.312164,1.098542,0.048325,1.204412
143616,561,25.34,550.0,-0.044914,0.677606,1.098532,0.044832,1.924302
143872,562,25.34,550.0,0.025827,0.609782,1.09854,0.046805,1.172756
144128,563,25.32,550.0,0.00506,0.323518,1.098537,0.048889,0.21613
144384,564,25.32,550.0,-0.002466,0.195325,1.098538,0.047343,0.106509
144640,565,25.32,550.0,0.058976,1.206545,1.098534,0.047849,2.729462
144896,566,25.36,550.0,-0.025756,0.508398,1.098525,0.04816,1.207212
145152,567,25.36,550.0,-0.013014,0.509601,1.098545,0.049655,0.616021
145408,568,25.31,550.0,0.003849,0.658068,1.098534,0.049542,0.170586
145664,569,25.31,550.0,-0.013626,0.342439,1.098548,0.050139,0.647641
145920,570,25.32,550.0,0.004249,0.300304,1.098523,0.047723,0.177794
146176,571,25.32,550.0,-0.014083,0.379749,1.098543,0.048584,0.647436
146432,572,25.34,550.0,0.001588,0.17131,1.098526,0.048642,0.070466
146688,573,25.34,550.0,-0.015049,0.285655,1.098538,0.04783,0.68454
146944,574,25.34,550.0,0.024296,0.51848,1.098518,0.049163,1.089647
147200,575,25.34,550.0,0.012084,0.27683,1.098532,0.047108,0.519118
147456,576,25.4,550.0,-0.000139,0.353912,1.09851,0.0485,0.035539
147712,577,25.4,550.0,-0.012522,0.389314,1.098522,0.048569,0.565679
147968,578,25.29,550.0,-0.032485,0.700282,1.098516,0.04468,1.465302
148224,579,25.29,550.0,0.014171,0.37448,1.098511,0.04882,0.601637
148480,580,25.29,550.0,-0.006716,0.201683,1.098512,0.048822,0.308233
148736,581,25.31,550.0,0.014261,0.259854,1.098511,0.047287,0.616691
148992,582,25.31,550.0,0.02461,0.456255,1.098524,0.04732,1.093598
149248,583,25.33,550.0,-0.027799,0.435558,1.098514,0.047003,1.186566
149504,584,25.33,550.0,0.023363,0.715713,1.098521,0.049237,1.035505
149760,585,25.3,550.0,0.005825,0.408842,1.098519,0.047612,0.242944
150016,586,25.3,550.0,0.015139,0.339321,1.098528,0.046401,0.647264
150272,587,25.29,550.0,-0.006601,0.838831,1.098518,0.048967,0.316918
150528,588,25.29,550.0,0.006484,0.139549,1.098532,0.048522,0.290893
150784,589,25.29,550.0,-0.017152,0.602481,1.098522,0.047869,0.792075
151040,590,25.29,550.0,0.021025,0.371768,1.098528,0.047971,0.916667
151296,591,25.31,550.0,-0.011033,0.359964,1.09851,0.047441,0.526387
151552,592,25.31,550.0,0.012029,0.480985,1.098526,0.048204,0.552618
151808,593,25.36,550.0,0.002521,0.231502,1.098517,0.048758,0.105462
152064,594,25.36,550.0,0.007164,0.305246,1.09853,0.049206,0.316137
152320,595,25.36,550.0,0.006326,0.308284,1.098521,0.047776,0.295383
152576,596,25.34,550.0,-0.016436,0.499556,1.098517,0.049429,0.783277
152832,597,25.34,550.0,-0.006221,0.20184,1.098519,0.048447,0.284182
153088,598,25.39,550.0,0.027615,0.670086,1.098498,0.047289,1.283222
153344,599,25.39,550.0,0.025718,0.605919,1.098526,0.049262,1.225627
153600,600,25.5,550.0,-0.024573,0.325468,1.098512,0.049854,1.194906
153856,601,25.5,550.0,0.017508,0.367621,1.098525,0.050178,0.806015
154112,602,25.54,550.0,-0.023706,0.487884,1.098503,0.048472,1.162777
154368,603,25.54,550.0,0.006836,0.216277,1.098522,0.04991,0.336338
154624,604,25.54,550.0,0.007199,0.316159,1.098498,0.048761,0.344964
154880,605,25.54,550.0,-0.006366,0.318283,1.098519,0.049492,0.297881
155136,606,25.47,550.0,-0.056161,1.195841,1.098492,0.046975,2.7459
155392,607,25.47,550.0,-0.007206,0.56104,1.098509,0.048584,0.354629
155648,608,25.47,550.0,-0.010794,0.450999,1.098519,0.049497,0.509691
155904,609,25.47,550.0,-0.011381,0.300059,1.098483,0.047796,0.564431
156160,610,25.47,550.0,0.002614,0.262785,1.0985,0.047588,0.12706
156416,611,25.47,550.0,-0.002446,0.330069,1.098494,0.048764,0.130184
156672,612,25.47,550.0,-0.047193,0.793451,1.098533,0.050543,2.155029
156928,613,25.43,550.0,0.007456,0.315924,1.098505,0.049436,0.329942
157184,614,25.43,550.0,-0.010149,0.252387,1.098511,0.047225,0.468592
157440,615,25.4,550.0,-0.026402,0.400187,1.098513,0.049557,1.236025
157696,616,25.4,550.0,0.027616,0.353584,1.098519,0.048871,1.207423
157952,617,25.37,550.0,0.008535,0.570509,1.098501,0.0482,0.36765
158208,618,25.37,550.0,0.003695,0.257665,1.098525,0.048827,0.166891
158464,619,25.42,550.0,0.031877,0.57219,1.098504,0.048227,1.36238
158720,620,25.42,550.0,0.030899,0.493441,1.098508,0.046606,1.372604
158976,621,25.41,550.0,-0.012784,0.368943,1.098511,0.048612,0.59267
159232,622,25.41,550.0,0.00069,0.27663,1.09852,0.048353,0.035132
159488,623,25.41,550.0,0.03436,0.582992,1.098516,0.049802,1.488274
159744,624,25.45,550.0,-0.007589,0.173423,1.098496,0.045215,0.348325
160000,625,25.45,550.0,0.021255,0.323862,1.098521,0.049542,0.965641
160256,626,25.45,550.0,0.014433,0.43178,1.098501,0.048192,0.63543
160512,627,25.45,550.0,0.031489,0.37594,1.098509,0.048622,1.384285
160768,628,25.43,550.0,-0.007134,0.351277,1.098495,0.049428,0.348987
161024,629,25.43,550.0,-0.022739,0.295534,1.098513,0.049535,1.056577
161280,630,25.45,550.0,0.012712,0.311245,1.098474,0.048613,0.548954
161536,631,25.45,550.0,0.000763,0.316023,1.098489,0.048515,0.03566
161792,632,25.45,550.0,-0.023032,0.53463,1.098476,0.049323,1.10145
162048,633,25.45,550.0,0.025101,0.983109,1.09849,0.049033,1.1882
162304,634,25.42,550.0,0.012044,0.645079,1.098478,0.049943,0.532352
162560,635,25.42,550.0,0.019986,0.272413,1.098463,0.048207,0.957807
162816,636,25.47,550.0,-0.034415,0.699717,1.098448,0.04902,1.685863
163072,637,25.47,550.0,0.040001,0.582738,1.098446,0.048316,1.951654
163328,638,25.47,550.0,-0.004796,0.243294,1.098465,0.049502,0.232967
163584,639,25.51,550.0,-0.040472,0.65896,1.098437,0.049042,2.01158
163840,640,25.51,550.0,0.016765,0.361849,1.09848,0.050253,0.835285
164096,641,25.52,550.0,-0.023161,0.399853,1.098415,0.047663,1.100584
164352,642,25.52,550.0,0.020198,0.411256,1.098471,0.050161,1.017199
164608,643,25.56,550.0,-0.021401,0.583853,1.098403,0.048656,1.083405
164864,644,25.56,550.0,-0.026905,0.582301,1.098392,0.047875,1.317569
165120,645,25.55,550.0,-0.024281,0.508102,1.098392,0.050423,1.194673
165376,646,25.55,550.0,-0.000384,0.449176,1.098369,0.048687,0.070362
165632,647,25.55,550.0,0.001785,0.268725,1.098368,0.050238,0.082792
165888,648,25.55,550.0,0.005979,0.176233,1.098391,0.050185,0.298591
166144,649,25.67,550.0,0.00434,0.352592,1.098358,0.050712,0.200752
166400,650,25.67,550.0,0.010564,0.253478,1.098312,0.049127,0.515817
166656,651,25.67,550.0,0.000498,0.341662,1.098251,0.048926,0.038426
166912,652,25.67,550.0,-0.015491,0.266799,1.098164,0.047249,0.712343
167168,653,25.67,550.0,0.028844,0.469626,1.098262,0.050395,1.433802
167424,654,25.7,550.0,-0.013192,0.402879,1.098104,0.049085,0.680838
167680,655,25.7,550.0,0.007527,0.228117,1.098135,0.049793,0.374099
167936,656,25.73,550.0,-0.018686,0.32703,1.098047,0.049852,0.89759
168192,657,25.73,550.0,-0.013597,0.365283,1.098086,0.049993,0.671287
168448,658,25.69,550.0,-0.010301,0.441644,1.097914,0.047754,0.514842
168704,659,25.69,550.0,-0.020917,0.313835,1.098011,0.048744,0.988774
168960,660,25.64,550.0,0.008793,0.547044,1.097909,0.047807,0.383354
169216,661,25.64,550.0,-0.003976,0.382106,1.098013,0.048754,0.188497
169472,662,25.66,550.0,-0.009551,0.364262,1.097838,0.046555,0.449106
169728,663,25.66,550.0,-0.000739,0.141613,1.098058,0.050037,0.036758
169984,664,25.62,550.0,-0.036689,0.590272,1.09791,0.048268,1.654208
170240,665,25.62,550.0,-0.013594,0.393634,1.097965,0.048631,0.616502
170496,666,25.62,550.0,-0.020071,0.448256,1.098046,0.050045,0.925864
170752,667,25.57,550.0,0.038202,0.99907,1.097966,0.048803,1.615627
171008,668,25.57,550.0,0.01633,0.209364,1.097986,0.047867,0.701645
171264,669,25.63,550.0,0.026651,0.513756,1.097924,0.047648,1.135266
171520,670,25.63,550.0,0.026917,0.419495,1.098,0.048229,1.1529
171776,671,25.66,550.0,0.008199,0.491454,1.097935,0.048129,0.325797
172032,672,25.66,550.0,0.024054,0.34945,1.097946,0.047839,1.033847
172288,673,25.69,550.0,0.007065,0.460297,1.09784,0.047359,0.287992
172544,674,25.69,550.0,0.004115,0.282525,1.097962,0.048987,0.168425
172800,675,25.66,550.0,-0.025078,0.87406,1.097776,0.04706,1.081249
173056,676,25.66,550.0,-0.028614,0.53962,1.097925,0.048951,1.248996
173312,677,25.6,550.0,0.013223,0.545671,1.097862,0.049048,0.566989
173568,678,25.6,550.0,0.032608,0.63487,1.097875,0.04896,1.388155
173824,679,25.71,550.0,0.007159,0.516876,1.097843,0.049813,0.314422
174080,680,25.71,550.0,-0.021825,0.395598,1.097776,0.049062,0.975651
174336,681,25.71,550.0,0.017552,0.248225,1.097746,0.0495,0.797735
174592,682,25.65,550.0,0.007388,0.621401,1.097576,0.048809,0.305035
174848,683,25.65,550.0,0.019379,0.267847,1.097528,0.048532,0.868106
175104,684,25.67,550.0,-0.025713,0.510733,1.097233,0.046766,1.132186
175360,685,25.67,550.0,-0.014589,0.228478,1.097406,0.049608,0.646033
175616,686,25.71,550.0,-0.013377,0.462315,1.097267,0.049524,0.641663
175872,687,25.71,550.0,-0.007332,0.432737,1.097264,0.049103,0.334263
176128,688,25.65,550.0,0.00418,0.484268,1.097223,0.049845,0.187107
176384,689,25.65,550.0,0.006329,0.185457,1.097275,0.050008,0.283742
176640,690,25.69,550.0,0.010207,0.312964,1.097151,0.049871,0.458348
176896,691,25.69,550.0,-0.006364,0.230897,1.097192,0.050573,0.312177
177152,692,25.71,550.0,-0.022795,0.725382,1.097036,0.050153,1.105201
177408,693,25.71,550.0,0.044916,0.69886,1.097036,0.049102,1.986244
177664,694,25.75,550.0,-0.009695,0.150813,1.096969,0.04906,0.450668
177920,695,25.75,550.0,0.001084,0.236415,1.097007,0.048643,0.051424
178176,696,25.75,550.0,0.035069,0.654433,1.097057,0.049134,1.523908
178432,697,25.82,550.0,0.030448,0.680826,1.096943,0.048629,1.40698
178688,698,25.82,550.0,-0.000453,0.230516,1.097017,0.048679,0.022271
178944,699,25.83,550.0,-0.033259,0.727531,1.096911,0.048954,1.516716
179200,700,25.83,550.0,0.014387,0.507347,1.097077,0.04985,0.640966
179456,701,25.79,550.0,0.000504,0.314531,1.096958,0.049674,0.051807
179712,702,25.79,550.0,0.033539,0.590356,1.096967,0.049316,1.564255
179968,703,25.88,550.0,0.005189,0.18989,1.09682,0.049378,0.230483
180224,704,25.88,550.0,0.026819,0.357078,1.096797,0.048644,1.194452
180480,705,25.87,550.0,-0.020655,0.521653,1.096863,0.050449,1.020588
180736,706,25.87,550.0,-0.002757,0.293654,1.097028,0.051225,0.141343
180992,707,25.84,550.0,0.0028,0.212435,1.096868,0.050381,0.122731
181248,708,25.84,550.0,0.012102,0.303021,1.096847,0.049055,0.571807
181504,709,25.91,550.0,0.00396,0.373541,1.096943,0.049946,0.188721
181760,710,25.91,550.0,-0.022221,0.408311,1.096757,0.048438,1.042456
182016,711,25.91,550.0,-0.034883,0.470195,1.097057,0.050715,1.63902
182272,712,25.87,550.0,-0.047911,1.010735,1.096995,0.050538,2.354483
182528,713,25.87,550.0,-0.013673,0.258866,1.09699,0.04917,0.647538
182784,714,25.85,550.0,0.008968,0.265349,1.096938,0.049384,0.421127
183040,715,25.85,550.0,0.009634,0.157639,1.097065,0.049206,0.439199
183296,716,25.89,550.0,-0.002261,0.368306,1.097213,0.051284,0.124734
183552,717,25.89,550.0,-0.002972,0.244486,1.097111,0.049088,0.141781
183808,718,25.86,550.0,-0.015409,0.308935,1.097158,0.050266,0.736458
184064,719,25.86,550.0,0.013193,0.334482,1.097173,0.048739,0.611795
184320,720,25.92,550.0,-0.01131,0.366347,1.097176,0.049011,0.554007
184576,721,25.92,550.0,0.003339,0.251235,1.09737,0.049259,0.157949
184832,722,25.97,550.0,0.015631,0.583997,1.097386,0.049779,0.700003
185088,723,25.97,550.0,0.03694,0.72848,1.097506,0.049417,1.758271
185344,724,25.97,550.0,-0.032073,0.473511,1.0977,0.051285,1.574893
185600,725,26.0,550.0,-0.008205,0.462405,1.097538,0.04953,0.401263
185856,726,26.0,550.0,-0.003889,0.241618,1.097684,0.049107,0.169732
186112,727,26.01,550.0,-0.008872,0.36408,1.097786,0.050746,0.439837
186368,728,26.01,550.0,-0.019943,0.396079,1.097907,0.050038,0.935695
186624,729,26.02,550.0,-0.008691,0.267399,1.09784,0.049162,0.401638
186880,730,26.02,550.0,-0.006017,0.404735,1.098087,0.050395,0.290353
187136,731,26.02,550.0,-0.002188,0.256665,1.09801,0.048928,0.113089
187392,732,26.02,550.0,0.017726,0.387633,1.098205,0.050175,0.811747
187648,733,26.01,550.0,-0.032021,0.392033,1.098192,0.050476,1.406311
187904,734,26.01,550.0,-0.000432,0.344828,1.098246,0.049101,0.032244
188160,735,25.97,550.0,-0.009859,0.34022,1.098266,0.049987,0.461115
188416,736,25.97,550.0,0.021036,0.354813,1.098296,0.048219,0.915051
188672,737,25.96,550.0,-0.011129,0.39185,1.098228,0.046565,0.455269
188928,738,25.96,550.0,0.038028,0.671113,1.098321,0.047334,1.621832
189184,739,25.96,550.0,0.00792,0.305551,1.098417,0.049552,0.341117
189440,740,25.97,550.0,-0.02541,0.349835,1.098316,0.047771,1.033301
189696,741,25.97,550.0,0.040574,0.597431,1.098387,0.04848,1.724327
189952,742,25.9,550.0,-0.00609,0.239903,1.098353,0.04871,0.266475
190208,743,25.9,550.0,0.009895,0.418709,1.098369,0.047502,0.41487
190464,744,25.91,550.0,-0.003216,0.326635,1.098327,0.047433,0.149876
190720,745,25.91,550.0,0.00169,0.264079,1.098459,0.050142,0.072886
190976,746,25.96,550.0,0.00103,0.349864,1.098345,0.04774,0.04054
191232,747,25.96,550.0,0.038843,0.646825,1.098428,0.049122,1.661961
191488,748,26.03,550.0,-0.000377,0.479968,1.098303,0.046742,0.047593
191744,749,26.03,550.0,-0.021043,0.376671,1.098423,0.048884,0.893752
192000,750,25.96,550.0,-0.037978,0.527479,1.098377,0.048893,1.618979
192256,751,25.96,550.0,0.020942,0.50717,1.098385,0.047251,0.842395
192512,752,25.99,550.0,0.014682,0.388143,1.098396,0.049235,0.61684
192768,753,25.99,550.0,-0.009759,0.318457,1.098434,0.048495,0.416459
193024,754,25.99,550.0,0.019934,0.784367,1.098439,0.049115,0.848786
193280,755,25.97,550.0,0.058455,1.158969,1.098363,0.047987,2.390626
193536,756,25.97,550.0,0.049015,0.832858,1.098408,0.048141,2.09671
193792,757,26.09,550.0,-0.009558,0.550643,1.098403,0.049492,0.434395
194048,758,26.09,550.0,-0.00542,0.17986,1.098466,0.050547,0.241905
194304,759,26.09,550.0,0.00556,0.21972,1.098368,0.048304,0.228354
194560,760,26.09,550.0,-0.001314,0.211425,1.098443,0.049703,0.062626
194816,761,26.03,550.0,-0.016045,0.316794,1.098388,0.048714,0.701775
195072,762,26.03,550.0,-0.017902,0.429787,1.098437,0.049284,0.742939
195328,763,25.93,550.0,-0.015662,0.416493,1.098374,0.047042,0.678075
195584,764,25.93,550.0,-0.023043,0.299906,1.098419,0.047497,0.984572
195840,765,25.92,550.0,-0.008968,0.221878,1.098377,0.047771,0.392438
196096,766,25.92,550.0,0.041125,0.783211,1.098401,0.047848,1.677217
196352,767,25.96,550.0,0.009358,0.27338,1.098402,0.048474,0.390311
196608,768,25.96,550.0,-0.001009,0.217643,1.098384,0.047876,0.043608
196864,769,25.96,550.0,0.013738,0.456312,1.098406,0.04802,0.574012
197120,770,26.0,550.0,0.016897,0.496499,1.098365,0.048706,0.667599
197376,771,26.0,550.0,0.025732,0.542576,1.098407,0.049369,1.087888
197632,772,26.04,550.0,0.024841,0.347751,1.098353,0.047822,1.044244
197888,773,26.04,550.0,-0.025706,0.280706,1.098422,0.048132,1.035068
198144,774,26.0,550.0,-0.005468,0.509121,1.098366,0.049014,0.251967
198400,775,26.0,550.0,0.012293,0.448742,1.098434,0.049887,0.529535
198656,776,26.02,550.0,-0.004606,0.44329,1.098355,0.047547,0.202342
198912,777,26.02,550.0,0.002466,0.358138,1.098433,0.049787,0.109884
199168,778,26.01,550.0,0.010798,0.693318,1.098326,0.048392,0.456553
199424,779,26.01,550.0,0.034066,1.008861,1.098371,0.048205,1.497989
199680,780,25.98,550.0,-0.003764,0.210214,1.098296,0.048203,0.176866
199936,781,25.98,550.0,-0.018538,0.299452,1.098289,0.046672,0.766398
200192,782,25.98,550.0,0.010281,0.285231,1.098332,0.048778,0.456222
